"","SGEN","AK_503","AK_105","AK_110","AK_205","AK_206","AK_207","AK_211","Weight","prespref","no_impeach","mythPID3","faction","IDEO5","ideoparty","pop401","pop402","pop403","pop406","popscale","POP_antielite","POP_antiexpert","POP_nationalID","over50","male2","white","collplus","SEN_R1","SEN_R2","SEN_R3","SEN_Order1","SEN_Order2","h2h_MT","h2h_MC","h2h_CT","HousePref","murkpelt","votestrategy","exp_confidence","exp_easy","exp_benefit","exp_AKsystem","primpref1","primpref2","primpref3","ruleorder"
"1","M",1,1,9,1,1,2,2,0.442,0,0,1,3,2,1,-1,-1,-1,1,-2,0.25,0.25,0.75,1,1,1,1,1,1,1,1,3,1,1,1,1,1,2,1,1,2,1,2,1,2,1
"2","F",1,1,9,1,1,2,2,0.63383,0,0,1,3,3,2,-1,0,-1,2,0,0.375,0.25,1,1,1,1,0,1,1,1,1,3,1,1,1,1,1,2,1,1,2,1,2,1,2,1
"3","F",2,1,5,1,1,2,2,0.32783,0,0,1,2,3,2,-1,-1,-1,-1,-4,0.25,0.25,0.25,1,0,1,1,1,1,1,1,3,1,1,1,1,1,2,1,2,3,1,2,1,2,1
"4","M",1,2,12,2,9,1,1,1.3539,1,1,3,4,4,5,-2,2,2,0,2,0.5,1,0.5,0,1,1,1,2,2,2,2,5,2,3,2,2,0,1,3,2,3,3,1,2,1,4
"5","M",2,1,5,1,2,2,2,0.33244,0,0,1,2,2,1,-1,-1,-1,2,-1,0.25,0.25,1,1,0,1,1,3,3,1,3,1,1,2,1,1,0,2,1,1,2,1,2,1,2,1
"6","F",1,2,12,2,9,1,2,0.86128,1,1,3,4,3,4,2,1,2,2,7,0.875,1,1,1,1,1,0,2,2,2,2,4,2,3,2,1,0,2,NA,1,2,2,1,1,3,3
"7","M",2,2,10,2,9,1,1,0.28926,1,1,3,5,5,5,1,0,1,2,4,0.625,0.75,1,1,0,1,1,2,2,2,2,4,2,3,2,3,0,1,2,3,3,3,1,2,1,4
"8","M",1,2,10,2,1,1,2,1.78131,1,1,3,5,4,5,1,1,1,1,4,0.75,0.75,0.75,0,1,0,1,2,2,2,2,1,2,1,2,2,0,2,1,1,2,2,1,1,2,3
"9","F",2,2,10,2,9,1,1,0.99338,1,1,3,5,5,5,-2,2,2,2,4,0.5,1,1,0,0,1,0,2,2,2,2,5,2,3,2,3,0,1,NA,1,3,3,1,2,1,4
"10","M",1,1,5,1,1,2,2,0.50953,0,0,1,2,3,2,-1,-2,-2,1,-4,0.125,0,0.75,1,1,1,1,1,1,1,1,3,1,1,1,1,1,2,1,1,2,1,2,1,2,1
"11","M",2,2,9,1,1,1,2,0.46454,1,0,3,3,3,4,1,-1,1,2,3,0.5,0.75,1,1,0,1,1,1,1,1,1,4,1,1,2,4,0,2,1,1,3,1,2,1,2,1
"12","M",1,1,9,1,1,2,2,0.36464,0,0,2,3,3,3,2,-2,-2,2,0,0.5,0,1,1,1,1,1,1,1,1,1,3,1,1,1,1,1,2,1,1,2,2,2,3,2,1
"13","M",1,2,12,2,1,1,2,0.50953,1,0,3,4,4,5,1,2,1,2,6,0.875,0.75,1,1,1,1,1,2,2,2,2,1,2,1,2,2,0,2,NA,3,3,3,1,2,2,4
"14","M",1,1,5,1,2,2,2,0.36464,0,0,1,2,3,2,-2,-1,-1,1,-3,0.125,0.25,0.75,1,1,1,1,3,3,1,3,1,1,2,1,1,0,2,1,1,3,1,2,1,2,1
"15","M",1,2,10,2,9,1,1,0.67404,1,1,3,5,5,5,2,0,2,2,6,0.75,1,1,1,1,1,0,2,2,2,2,5,2,3,2,3,0,1,1,3,3,3,1,2,1,4
"16","F",2,2,9,2,9,1,2,0.6478,1,1,3,3,4,5,-1,-1,0,1,-1,0.25,0.5,0.75,1,0,1,0,2,2,2,2,5,2,3,2,2,0,2,3,2,2,2,2,1,2,1
"17","F",2,1,3,1,1,2,3,0.33244,0,0,1,2,3,2,-1,-2,-1,1,-3,0.125,0.25,0.75,1,0,1,1,1,1,1,1,3,1,1,1,1,1,3,1,1,2,1,2,1,2,1
"18","F",2,1,9,1,1,2,2,0.6478,0,0,1,3,3,2,-1,-2,1,2,0,0.125,0.75,1,1,0,1,0,1,1,1,1,5,1,1,1,1,1,2,1,1,2,1,2,2,2,1
"19","M",1,1,9,1,1,2,2,0.36464,0,0,1,3,3,2,-2,-2,-1,-1,-6,0,0.25,0.25,1,1,1,1,1,1,1,1,3,1,1,1,1,1,2,1,2,2,1,2,2,2,1
"20","M",1,2,10,2,1,1,1,0.50953,1,1,3,5,5,5,1,-2,1,2,2,0.375,0.75,1,1,1,1,1,2,2,2,2,5,2,1,2,2,0,1,3,2,3,3,1,2,1,4
"21","F",2,1,2,1,1,2,3,0.90521,0,0,1,1,1,1,-1,-1,-2,1,-3,0.25,0,0.75,1,0,1,0,1,1,1,1,3,1,1,1,1,1,3,1,1,2,2,2,2,2,1
"22","F",2,2,9,1,1,9,1,1.77007,1,0,2,3,3,3,0,0,2,1,3,0.5,1,0.75,0,0,1,0,1,1,1,1,5,1,1,3,1,1,1,1,1,2,1,2,3,2,1
"23","F",2,1,1,1,1,2,3,4.6894,0,0,1,1,1,1,0,1,0,-1,0,0.625,0.5,0.25,0,0,1,0,1,1,1,1,3,1,1,1,1,1,3,1,1,2,1,2,1,2,1
"24","M",2,1,5,1,1,2,3,0.74457,0,0,1,2,2,1,-2,-1,0,2,-1,0.125,0.5,1,1,0,1,0,3,3,5,3,5,1,1,1,1,0,3,1,1,2,1,2,1,2,1
"25","F",2,1,1,1,1,9,9,0.33244,0,0,1,1,3,2,-1,-2,-2,2,-3,0.125,0,1,1,0,1,1,1,1,1,1,5,1,1,3,1,1,NA,1,1,2,2,3,3,3,NA
"26","F",2,2,12,2,9,1,2,0.33244,1,1,3,4,4,5,1,-1,0,2,2,0.5,0.5,1,1,0,1,1,2,2,2,2,4,2,3,2,2,0,2,NA,2,3,3,1,2,1,4
"27","F",1,1,4,1,1,2,1,0.81261,0,0,2,2,3,3,-2,-1,1,1,-1,0.125,0.75,0.75,1,1,0,1,1,1,1,1,5,1,1,1,1,1,1,3,1,2,1,2,1,2,1
"28","M",1,1,5,1,2,2,3,0.36464,0,0,1,2,3,2,0,1,0,1,2,0.625,0.5,0.75,1,1,1,1,1,1,1,1,3,1,2,1,1,1,3,1,1,2,1,2,1,2,1
"29","F",1,2,12,1,1,9,2,1.0896,1,0,3,4,3,4,-1,0,1,2,2,0.375,0.75,1,0,1,1,0,1,1,1,1,5,1,1,3,1,1,2,1,1,2,3,2,1,2,1
"30","F",2,2,7,2,2,1,3,1.62401,1,1,3,3,3,4,1,0,0,1,2,0.625,0.5,0.75,0,0,0,1,2,2,2,2,5,2,2,2,2,0,3,2,3,3,3,1,2,3,4
"31","M",1,2,10,2,9,9,1,0.71054,1,1,3,5,5,5,2,1,1,2,6,0.875,0.75,1,1,1,1,0,2,2,2,2,5,2,3,3,2,0,1,3,3,3,3,1,2,3,4
"32","F",2,2,12,2,9,1,1,1.15662,1,1,3,4,5,5,2,2,2,2,8,1,1,1,0,0,0,0,2,2,2,2,4,2,3,2,3,0,1,3,1,1,1,1,1,3,3
"33","M",1,1,5,1,1,2,2,0.36464,0,0,1,2,3,2,-1,-1,-2,2,-2,0.25,0,1,1,1,1,1,1,1,1,1,3,1,1,1,1,1,2,1,1,2,1,2,1,2,1
"34","F",2,2,12,2,2,1,2,0.33244,1,1,3,4,4,5,0,-1,1,-2,-2,0.375,0.75,0,1,0,1,1,2,2,2,2,5,2,2,2,2,0,2,3,3,3,3,2,3,1,2
"35","M",1,1,1,1,2,2,2,5.4221,0,0,1,1,1,1,1,1,-2,-1,-1,0.75,0,0.25,0,1,1,0,3,3,1,3,1,1,2,1,1,0,2,1,2,2,1,2,1,2,1
"36","F",2,2,12,2,1,1,3,0.90521,1,1,3,4,5,5,0,-2,-2,-2,-6,0.25,0,0,1,0,1,0,2,2,2,2,1,2,1,2,2,0,3,1,1,3,3,1,2,1,4
"37","M",1,1,4,1,1,2,1,0.31728,0,0,1,2,3,2,1,-1,1,1,2,0.5,0.75,0.75,1,1,1,1,1,1,1,1,5,1,1,1,1,1,1,1,2,1,1,2,1,1,2
"38","F",2,1,5,1,1,2,2,0.33244,0,0,2,2,2,3,0,1,1,2,4,0.625,0.75,1,1,0,1,1,1,1,1,1,5,1,1,1,1,1,2,1,1,2,2,2,1,2,1
"39","F",2,1,5,1,2,2,2,0.46454,0,0,1,2,3,2,-2,-2,-1,0,-5,0,0.25,0.5,1,0,1,1,3,3,1,3,1,1,2,1,1,0,2,1,2,3,1,2,1,2,1
"40","F",1,2,10,2,9,1,3,0.71054,1,1,3,5,4,5,1,1,1,1,4,0.75,0.75,0.75,1,1,1,0,2,2,2,2,4,2,3,2,3,0,3,2,1,3,3,1,2,1,4
"41","F",2,9,8,1,1,2,2,0.6478,0,0,3,3,3,4,1,2,1,2,6,0.875,0.75,1,1,0,1,0,1,1,1,1,4,1,1,1,1,1,2,1,1,2,2,2,1,2,1
"42","F",2,2,10,9,1,1,1,0.90521,1,1,2,5,3,3,2,1,2,0,5,0.875,1,0.5,1,0,1,0,5,5,5,5,5,3,1,2,3,0,1,NA,1,3,1,2,1,1,2
"43","F",2,1,9,1,1,2,1,0.33244,0,0,1,3,3,2,0,2,2,2,6,0.75,1,1,1,0,1,1,1,1,1,1,5,1,1,1,1,1,1,1,1,2,1,2,1,2,1
"44","M",1,1,9,1,1,2,2,2.17648,0,0,2,3,3,3,1,-2,-1,1,-1,0.375,0.25,0.75,0,1,1,0,1,1,1,1,3,1,1,1,1,1,2,1,1,2,1,2,1,2,1
"45","M",1,2,10,2,9,1,1,0.50953,1,1,3,5,5,5,-2,-2,2,2,0,0,1,1,1,1,1,1,2,2,2,2,5,2,3,2,3,0,1,1,3,3,3,1,2,3,4
"46","F",2,1,8,1,1,2,2,1.01831,0,0,1,3,3,2,-1,-1,-1,1,-2,0.25,0.25,0.75,0,0,1,1,1,1,1,1,3,1,1,1,1,1,2,3,1,1,2,1,1,2,3
"47","F",1,2,10,2,2,1,2,0.71054,1,1,3,5,5,5,2,1,0,2,5,0.875,0.5,1,1,1,1,0,4,2,2,4,2,2,2,2,2,0,2,3,3,3,3,1,2,1,4
"48","M",1,2,12,2,1,1,2,0.59326,1,1,3,4,5,5,-1,-1,2,2,2,0.25,1,1,1,1,0,1,2,2,2,2,4,2,1,2,3,0,2,1,2,3,3,1,2,1,4
"49","F",2,1,5,1,1,9,1,0.33244,0,0,1,2,2,1,2,2,2,2,8,1,1,1,1,0,1,1,1,1,1,1,5,1,1,3,1,1,1,1,1,2,2,2,1,2,1
"50","F",2,1,5,2,1,2,3,0.33244,0,0,1,2,2,1,-1,0,-2,1,-2,0.375,0,0.75,1,0,1,1,1,1,1,1,3,2,1,1,1,1,3,1,1,2,2,2,1,3,NA
"51","F",2,1,7,1,1,2,3,0.33244,0,0,3,3,3,4,-1,-1,-1,1,-2,0.25,0.25,0.75,1,0,1,1,1,1,1,1,3,1,1,1,1,1,3,1,1,2,1,2,1,2,1
"52","M",1,1,1,1,1,2,2,0.36464,0,0,1,1,3,2,0,-1,-1,1,-1,0.375,0.25,0.75,1,1,1,1,1,1,1,1,3,1,1,1,1,1,2,1,1,2,1,2,1,2,1
"53","F",2,1,9,1,1,2,2,0.33244,0,0,2,3,3,3,-1,-1,0,2,0,0.25,0.5,1,1,0,1,1,1,1,1,1,3,1,1,1,1,1,2,1,1,2,2,2,1,2,1
"54","F",1,9,9,1,1,9,2,0.51875,0,0,2,3,2,3,-2,0,1,-1,-2,0.25,0.75,0.25,1,1,0,1,1,1,1,1,5,1,1,3,1,1,2,1,1,2,1,2,1,2,1
"55","M",1,1,9,1,1,2,1,0.50953,0,0,1,3,3,2,-1,-1,-2,1,-3,0.25,0,0.75,1,1,1,1,1,1,1,1,5,1,1,1,1,1,1,1,2,3,1,2,1,2,1
"56","M",2,2,12,2,9,1,3,0.6478,1,1,3,4,4,5,-1,-1,2,2,2,0.25,1,1,1,0,1,0,2,2,2,2,5,2,3,2,2,0,3,1,1,3,3,1,3,1,NA
"57","M",1,1,1,1,1,2,3,0.36464,0,0,1,1,1,1,1,-2,-1,2,0,0.375,0.25,1,1,1,1,1,1,1,1,1,3,1,1,1,1,1,3,1,1,2,1,2,1,1,2
"58","M",1,1,5,1,1,9,1,0.99288,0,0,2,2,4,3,-1,-1,0,2,0,0.25,0.5,1,1,1,1,0,1,1,1,1,5,1,1,3,1,1,1,1,3,3,2,2,1,3,NA
"59","F",2,1,1,1,1,2,1,0.33244,0,0,1,1,2,1,1,1,1,1,4,0.75,0.75,0.75,1,0,1,1,1,1,1,1,5,1,1,1,1,1,1,1,2,2,2,2,1,1,2
"60","F",1,1,9,1,1,2,2,0.71054,0,0,1,3,3,2,-1,1,1,2,3,0.5,0.75,1,1,1,1,0,1,1,1,1,3,1,1,1,1,1,2,1,1,2,1,2,1,2,1
"61","F",2,1,1,1,1,2,3,0.46454,0,0,1,1,2,1,-2,-1,-1,0,-4,0.125,0.25,0.5,1,0,1,1,3,3,1,3,1,1,1,1,1,0,3,1,2,2,1,2,1,2,1
"62","M",1,1,5,1,2,2,2,1.11694,0,0,1,2,2,1,-1,-1,-2,1,-3,0.25,0,0.75,0,1,1,1,3,3,1,3,1,1,2,1,1,0,2,1,1,2,1,2,1,2,1
"63","F",2,2,10,2,1,1,1,0.46454,1,1,3,5,4,5,1,0,0,2,3,0.625,0.5,1,1,0,1,1,2,2,2,2,5,2,1,2,3,0,1,2,1,2,3,1,2,1,4
"64","M",1,1,5,1,1,2,3,0.36464,0,0,1,2,2,1,-1,-2,-1,1,-3,0.125,0.25,0.75,1,1,1,1,1,1,1,1,3,1,1,1,1,1,3,1,2,2,1,2,1,2,1
"65","F",2,1,5,1,2,2,2,0.33244,0,0,1,2,1,1,-2,-2,-1,1,-4,0,0.25,0.75,1,0,1,1,3,3,1,3,1,1,2,1,1,0,2,1,1,2,2,2,1,2,1
"66","M",2,2,10,2,9,1,1,0.46454,1,1,3,5,5,5,-2,-1,1,2,0,0.125,0.75,1,1,0,1,1,2,2,2,2,5,2,3,2,3,0,1,2,1,3,3,1,1,1,3
"67","F",2,1,9,1,1,2,9,0.50979,0,0,2,3,2,3,0,-1,0,1,0,0.375,0.5,0.75,0,0,1,1,1,1,1,1,5,1,1,1,1,1,NA,1,1,2,1,2,3,3,NA
"68","M",1,1,1,9,2,2,1,0.81261,0,0,2,1,1,3,-1,1,1,2,3,0.5,0.75,1,1,1,0,1,3,3,5,3,5,3,2,1,1,0,1,3,3,3,3,2,1,1,2
"69","F",2,2,12,2,9,1,3,0.56366,1,1,3,4,4,5,2,0,1,2,5,0.75,0.75,1,1,0,1,0,2,2,2,2,4,2,3,2,3,0,3,NA,NA,2,3,1,1,1,3
"70","M",2,1,5,1,1,2,2,0.6478,0,0,2,2,3,3,-2,1,-2,2,-1,0.375,0,1,1,0,1,0,1,1,1,1,3,1,1,1,1,1,2,1,1,2,1,1,3,3,NA
"71","M",2,2,10,2,9,1,2,0.4042,1,1,2,5,4,3,2,2,2,2,8,1,1,1,1,0,1,1,2,2,2,2,5,2,3,2,3,0,2,3,3,3,3,3,3,1,NA
"72","M",1,2,10,2,9,1,1,0.8273,1,1,3,5,4,5,-1,-2,1,2,0,0.125,0.75,1,1,1,0,0,2,2,2,2,5,2,3,2,3,0,1,1,1,2,2,1,2,1,4
"73","M",1,2,12,9,9,9,1,0.50953,1,0,3,4,4,5,-2,-1,1,2,0,0.125,0.75,1,1,1,1,1,4,5,5,4,5,3,3,3,4,0,1,1,2,2,3,1,2,1,4
"74","F",1,1,5,1,1,2,3,1.03363,0,0,1,2,3,2,2,1,-1,2,4,0.875,0.25,1,0,1,1,0,1,1,1,1,4,1,1,1,1,1,3,1,1,2,2,2,1,1,2
"75","M",1,1,9,1,2,2,2,0.36464,0,0,1,3,1,1,0,-2,1,1,0,0.25,0.75,0.75,1,1,1,1,1,1,1,1,3,1,2,1,1,1,2,1,1,2,1,2,1,2,1
"76","M",1,1,8,1,2,2,2,1.11694,0,0,1,3,3,2,2,-1,-2,2,1,0.625,0,1,0,1,1,1,3,3,1,3,1,1,2,1,1,0,2,1,3,2,1,2,1,2,1
"77","F",2,2,10,2,1,1,2,0.54088,1,1,3,5,4,5,1,0,0,2,3,0.625,0.5,1,1,0,0,1,2,2,2,2,4,2,1,2,2,0,2,2,2,3,3,1,1,3,3
"78","M",1,1,9,1,1,2,2,0.36464,0,0,1,3,3,2,1,1,-1,1,2,0.75,0.25,0.75,1,1,1,1,1,1,1,1,3,1,1,1,1,1,2,1,1,3,1,2,1,2,1
"79","M",2,1,9,1,1,2,2,0.46454,0,0,1,3,3,2,1,0,-2,2,1,0.625,0,1,1,0,1,1,1,1,1,1,3,1,1,1,1,1,2,1,1,2,1,2,2,2,1
"80","F",2,1,9,1,1,2,2,0.46454,0,0,2,3,3,3,0,2,-2,1,1,0.75,0,0.75,1,0,1,1,1,1,1,1,3,1,1,1,1,1,2,1,1,2,1,2,3,2,1
"81","F",1,2,10,2,1,1,1,0.86392,1,1,3,5,5,5,1,1,1,2,5,0.75,0.75,1,1,1,1,0,2,2,2,2,1,2,1,2,2,0,1,1,1,3,3,2,1,1,2
"82","M",1,2,12,2,1,1,3,0.36464,1,1,3,4,3,4,2,2,2,1,7,1,1,0.75,1,1,1,1,2,2,2,2,1,2,1,2,2,0,3,NA,1,3,2,1,1,1,3
"83","F",1,1,9,1,1,2,3,1.11694,0,0,3,3,3,4,0,0,0,0,0,0.5,0.5,0.5,0,1,1,1,1,1,1,1,5,1,1,1,1,1,3,1,2,2,2,2,1,2,1
"84","F",1,1,4,1,1,2,1,0.99288,0,0,2,2,3,3,-1,-1,1,1,0,0.25,0.75,0.75,1,1,1,0,1,1,1,1,3,1,1,1,1,1,1,1,1,2,2,1,1,2,3
"85","M",1,2,12,1,1,1,1,0.31728,1,1,3,4,4,5,-1,-1,-1,1,-2,0.25,0.25,0.75,1,1,1,1,1,1,1,1,2,1,1,2,2,0,1,1,2,3,3,1,2,1,4
"86","M",2,9,9,1,1,9,2,0.28926,0,0,3,3,4,5,-2,-2,0,2,-2,0,0.5,1,1,0,1,1,1,1,1,1,5,1,1,3,2,0,2,1,1,2,2,2,1,2,1
"87","M",1,1,9,1,1,2,2,0.36464,0,0,1,3,4,2,-1,-2,-2,0,-5,0.125,0,0.5,1,1,1,1,1,1,1,1,3,1,1,1,1,1,2,1,1,3,1,2,1,2,1
"88","M",2,2,10,2,2,1,2,0.46454,1,1,3,5,5,5,2,-2,2,2,4,0.5,1,1,1,0,1,1,2,2,2,2,5,2,2,2,2,0,2,3,1,3,3,1,1,1,3
"89","F",2,2,12,9,9,9,1,0.38707,1,1,3,4,4,5,2,0,-1,2,3,0.75,0.25,1,1,0,0,1,5,5,5,5,5,3,3,3,4,0,1,1,3,3,3,1,1,1,3
"90","F",2,1,2,1,2,2,1,0.53018,0,0,2,1,2,3,-1,-1,-1,1,-2,0.25,0.25,0.75,1,0,0,1,3,3,1,3,1,1,2,1,1,0,1,1,2,2,1,2,1,2,1
"91","F",5,9,8,9,9,9,9,0.60057,0,0,2,3,3,3,-1,0,0,1,0,0.375,0.5,0.75,0,0,0,1,3,3,5,3,5,3,3,3,4,0,NA,2,1,2,3,1,2,3,4
"92","M",2,1,7,1,1,2,2,1.88236,0,0,1,3,3,2,1,-1,-2,-1,-3,0.5,0,0.25,0,0,1,0,1,1,1,1,3,1,1,1,1,1,2,1,1,3,1,3,1,3,NA
"93","M",2,1,8,1,1,2,3,0.90521,0,0,1,3,2,1,-1,-1,-1,1,-2,0.25,0.25,0.75,1,0,1,0,1,1,1,1,3,1,1,1,1,1,3,1,NA,3,1,2,1,2,1
"94","F",2,1,4,1,1,2,2,0.33244,0,0,1,2,2,1,1,1,0,1,3,0.75,0.5,0.75,1,0,1,1,3,3,1,3,1,1,1,1,1,0,2,3,1,2,1,2,1,2,1
"95","M",1,1,5,1,1,2,1,0.36464,0,0,1,2,2,1,-2,-2,-2,2,-4,0,0,1,1,1,1,1,1,1,1,1,3,1,1,1,1,1,1,1,1,2,1,2,1,2,1
"96","F",2,2,12,1,1,1,2,0.74085,1,1,3,4,3,4,-1,-1,1,2,1,0.25,0.75,1,1,0,0,1,1,1,1,1,2,1,1,2,2,0,2,1,3,2,3,1,2,3,4
"97","M",1,9,9,1,1,9,1,0.36464,0,0,3,3,4,5,1,-1,-2,2,0,0.5,0,1,1,1,1,1,1,1,1,1,5,1,1,3,1,1,1,1,1,2,2,2,1,2,1
"98","F",1,2,12,2,1,1,1,0.99288,1,1,3,4,4,5,-2,2,2,2,4,0.5,1,1,1,1,1,0,2,2,2,2,4,2,1,2,2,0,1,2,2,1,1,2,1,1,2
"99","F",2,2,8,1,1,9,1,0.57786,1,0,3,3,3,4,2,-2,2,2,4,0.5,1,1,1,0,1,0,1,1,1,1,5,1,1,3,1,1,1,1,1,2,1,2,1,1,2
"100","F",2,2,10,2,9,1,1,0.78763,1,1,3,5,4,5,2,0,2,2,6,0.75,1,1,1,0,1,0,2,2,2,2,5,2,3,2,2,0,1,1,2,3,3,1,2,3,4
"101","F",1,1,9,1,1,2,1,0.36464,0,0,2,3,3,3,-1,-2,2,2,1,0.125,1,1,1,1,1,1,1,1,1,1,3,1,1,1,1,1,1,1,1,2,1,2,1,2,1
"102","F",2,1,5,1,1,9,1,0.6478,0,0,2,2,3,3,0,-1,0,1,0,0.375,0.5,0.75,1,0,1,0,1,1,1,1,5,1,1,3,1,1,1,1,1,2,2,2,1,2,1
"103","M",1,9,9,1,1,9,1,0.50953,0,0,3,3,3,4,-1,-1,0,2,0,0.25,0.5,1,1,1,1,1,1,1,1,1,5,1,1,3,2,0,1,1,1,2,2,1,2,1,4
"104","M",2,1,1,1,2,2,3,0.46454,0,0,1,1,2,1,1,1,-2,-2,-2,0.75,0,0,1,0,1,1,3,3,1,3,1,1,2,1,1,0,3,1,2,2,2,1,2,2,4
"105","F",2,9,9,1,1,9,9,0.38707,0,0,2,3,5,3,1,0,0,2,3,0.625,0.5,1,1,0,0,1,5,5,5,5,5,1,1,3,4,0,NA,1,1,2,2,3,2,3,NA
"106","M",2,2,10,2,9,1,1,0.46454,1,1,3,5,5,5,-1,2,1,2,4,0.625,0.75,1,1,0,1,1,2,2,2,2,5,2,3,2,3,0,1,2,2,3,3,2,1,1,2
"107","M",5,9,1,9,9,9,9,0.30824,0,0,2,1,1,3,2,2,-2,-2,0,1,0,0,0,0,0,1,5,5,5,5,5,3,3,3,1,0,NA,1,1,2,1,2,1,2,1
"108","M",1,2,12,2,9,1,1,0.99288,1,1,3,4,4,5,2,2,1,1,6,1,0.75,0.75,1,1,1,0,2,2,2,2,4,2,3,2,3,0,1,1,2,3,3,1,2,1,4
"109","F",1,2,10,2,9,1,3,2.17648,1,1,3,5,4,5,-2,-1,1,2,0,0.125,0.75,1,0,1,1,0,4,2,2,4,2,2,3,2,3,0,3,2,3,2,3,1,1,2,3
"110","F",1,1,8,1,1,2,1,1.58345,0,0,1,3,3,2,-1,-1,-1,1,-2,0.25,0.25,0.75,1,1,0,0,1,1,1,1,3,1,1,1,1,1,1,1,2,1,3,2,1,1,2
"111","F",2,1,5,1,2,2,3,0.46454,0,0,1,2,2,1,0,0,-2,0,-2,0.5,0,0.5,1,0,1,1,3,3,1,3,1,1,2,1,1,0,3,1,1,3,2,2,1,2,1
"112","F",2,2,12,2,1,1,1,0.74085,1,1,2,4,3,3,0,1,1,2,4,0.625,0.75,1,1,0,0,1,2,2,2,2,4,2,1,2,2,0,1,2,1,3,3,1,1,1,3
"113","F",2,1,2,1,1,2,3,0.46454,0,0,1,1,2,1,0,0,0,1,1,0.5,0.5,0.75,1,0,1,1,1,1,1,1,3,1,1,1,1,1,3,1,2,2,2,3,3,3,NA
"114","F",1,1,9,1,1,2,3,0.50953,0,0,2,3,3,3,0,-1,-1,1,-1,0.375,0.25,0.75,1,1,1,1,1,1,1,1,5,1,1,1,1,1,3,1,1,2,2,2,1,3,NA
"115","M",2,1,9,1,1,2,3,1.01831,0,0,1,3,1,1,0,-1,-2,-1,-4,0.375,0,0.25,0,0,1,1,1,1,1,1,3,1,1,1,1,1,3,1,2,2,2,2,1,3,NA
"116","M",1,9,9,1,1,2,2,0.50953,0,0,3,3,3,4,-1,-1,0,2,0,0.25,0.5,1,1,1,1,1,1,1,1,1,3,1,1,1,1,1,2,1,1,2,2,2,1,2,1
"117","M",1,2,7,1,1,1,2,0.58153,1,1,3,3,3,4,2,1,1,2,6,0.875,0.75,1,1,1,0,1,1,1,1,1,4,1,1,2,2,0,2,1,2,3,2,1,2,2,4
"118","F",2,2,10,2,9,1,2,0.38707,1,1,3,5,5,5,1,2,2,2,7,0.875,1,1,1,0,0,1,2,2,2,2,4,2,3,2,2,0,2,2,2,1,3,2,1,3,NA
"119","F",2,1,9,1,1,9,9,0.6478,0,0,2,3,3,3,-1,-1,0,1,-1,0.25,0.5,0.75,1,0,1,0,5,5,5,5,5,1,1,3,1,0,NA,1,1,2,2,3,2,3,NA
"120","M",1,1,9,1,1,2,3,1.07779,0,0,1,3,3,2,0,1,0,0,1,0.625,0.5,0.5,1,1,0,1,1,1,1,1,3,1,1,1,1,1,3,2,3,2,1,2,3,2,1
"121","M",1,2,10,2,9,1,1,0.58153,1,1,3,5,3,4,-1,-1,-2,-1,-5,0.25,0,0.25,1,1,0,1,2,2,2,2,5,2,3,2,3,0,1,1,1,1,2,1,1,1,3
"122","M",1,9,6,1,1,2,2,0.71054,0,0,1,2,3,2,1,-1,-1,1,0,0.5,0.25,0.75,1,1,1,0,1,1,1,1,3,1,1,1,1,1,2,1,2,2,1,2,2,2,1
"123","F",2,2,10,2,9,1,1,0.6478,1,1,3,5,5,5,2,-1,2,2,5,0.625,1,1,1,0,1,0,2,2,2,2,5,2,3,2,3,0,1,2,2,3,3,1,1,3,3
"124","F",1,1,2,1,2,2,2,0.50953,0,0,1,1,2,1,-1,-1,-2,2,-2,0.25,0,1,1,1,1,1,3,3,1,3,1,1,2,1,1,0,2,1,1,2,1,2,1,2,1
"125","F",2,1,5,1,2,2,2,0.33244,0,0,1,2,1,1,-1,-1,-2,1,-3,0.25,0,0.75,1,0,1,1,3,3,1,3,1,1,2,1,1,0,2,1,1,2,1,2,1,2,1
"126","M",1,1,12,1,1,2,2,0.50953,0,0,3,4,3,4,-2,-2,0,0,-4,0,0.5,0.5,1,1,1,1,1,1,1,1,5,1,1,1,1,1,2,1,1,2,1,1,3,2,NA
"127","M",1,2,10,2,9,1,1,0.94188,1,1,3,5,4,5,2,2,2,2,8,1,1,1,1,1,1,0,2,2,2,2,4,2,3,2,3,0,1,3,2,3,3,2,1,1,2
"128","F",2,1,9,1,1,9,2,0.31537,0,1,3,3,3,4,-1,0,-1,1,-1,0.375,0.25,0.75,1,0,1,1,1,1,1,1,5,1,1,3,1,1,2,1,1,2,2,2,1,2,1
"129","M",2,2,12,2,9,1,1,0.74085,1,1,3,4,3,4,1,2,1,2,6,0.875,0.75,1,1,0,0,1,2,2,2,2,4,2,3,2,2,0,1,3,2,3,3,1,2,1,4
"130","M",1,2,12,2,1,1,1,0.86128,1,1,3,4,5,5,-1,-1,0,2,0,0.25,0.5,1,1,1,1,0,2,2,2,2,5,2,1,2,2,0,1,1,1,2,3,1,2,1,4
"131","F",2,1,9,1,2,2,3,0.46454,0,0,1,3,3,2,0,-1,-2,1,-2,0.375,0,0.75,1,0,1,1,1,1,1,1,3,1,2,1,1,1,3,1,2,3,1,2,1,2,1
"132","F",2,2,10,2,1,1,1,0.46454,1,1,3,5,4,5,0,0,2,1,3,0.5,1,0.75,1,0,1,1,2,2,2,2,5,2,1,2,2,0,1,2,2,1,3,2,1,1,2
"133","M",1,1,1,1,1,2,2,0.81261,0,0,1,1,3,2,-2,-2,-2,2,-4,0,0,1,1,1,0,1,1,1,1,1,3,1,1,1,1,1,2,1,1,2,1,2,1,2,1
"134","M",2,2,1,1,2,2,1,0.47062,1,0,2,1,2,3,1,1,2,0,4,0.75,1,0.5,1,0,0,1,1,1,1,1,5,1,2,1,3,0,1,3,3,2,2,2,1,1,2
"135","F",1,1,5,1,2,2,3,0.36464,0,0,1,2,2,1,-2,-2,0,2,-2,0,0.5,1,1,1,1,1,3,3,1,3,1,1,2,1,1,0,3,1,1,2,1,2,1,2,1
"136","F",1,1,9,1,1,9,1,0.35959,0,0,3,3,4,5,-1,0,2,2,3,0.375,1,1,1,1,1,1,1,1,1,1,5,1,1,3,1,1,1,1,1,3,3,1,2,1,4
"137","F",2,1,9,1,1,2,2,1.01831,0,0,1,3,3,2,0,1,0,0,1,0.625,0.5,0.5,0,0,1,1,1,1,1,1,3,1,1,1,1,1,2,1,1,2,1,2,1,2,1
"138","F",2,1,2,1,2,2,3,0.61452,0,0,1,1,2,1,-1,1,-2,1,-1,0.5,0,0.75,1,0,1,0,3,3,1,3,1,1,2,1,1,0,3,1,1,2,1,2,1,2,1
"139","M",1,2,10,2,1,1,2,1.0896,1,1,3,5,4,5,-1,0,0,2,1,0.375,0.5,1,0,1,1,0,2,2,2,2,1,2,1,2,3,0,2,2,2,3,3,1,2,3,4
"140","F",2,1,2,1,1,2,3,1.09724,0,1,1,1,2,1,-1,0,0,2,1,0.375,0.5,1,1,0,1,0,1,1,1,1,5,1,1,1,1,1,3,1,1,2,2,1,2,3,4
"141","F",2,2,10,2,2,1,1,1.09724,1,1,3,5,3,4,2,1,2,2,7,0.875,1,1,1,0,1,0,2,2,2,2,5,2,2,2,3,0,1,3,3,3,3,1,1,1,3
"142","F",2,1,1,1,1,9,2,0.61452,0,0,1,1,3,2,2,0,2,2,6,0.75,1,1,1,0,1,0,1,1,1,1,5,1,1,3,1,1,2,1,1,2,1,2,1,2,1
"143","M",2,1,8,1,1,2,3,0.46454,0,0,1,3,3,2,1,1,-1,1,2,0.75,0.25,0.75,1,0,1,1,1,1,1,1,3,1,1,1,1,1,3,1,1,2,1,2,1,1,2
"144","M",1,1,9,1,1,9,1,0.442,0,0,1,3,3,2,-2,-1,-1,0,-4,0.125,0.25,0.5,1,1,1,1,1,1,1,1,5,1,1,3,1,1,1,1,1,2,2,2,1,1,2
"145","M",1,2,9,1,1,9,2,2.54575,1,0,3,3,4,5,1,1,1,1,4,0.75,0.75,0.75,1,1,0,0,1,1,1,1,2,1,1,3,1,1,2,1,2,2,2,2,2,1,2
"146","F",1,1,4,1,1,2,1,0.55166,0,0,3,2,3,4,-1,-1,-1,2,-1,0.25,0.25,1,1,1,0,1,1,1,1,1,5,1,1,1,1,1,1,1,1,2,1,3,1,1,NA
"147","F",2,1,5,1,1,2,3,0.61452,0,0,1,2,3,2,-2,-1,1,2,0,0.125,0.75,1,1,0,1,0,1,1,1,1,5,1,1,1,1,1,3,1,1,2,2,1,2,2,4
"148","M",1,2,12,2,1,1,1,0.97187,1,1,3,4,4,5,-1,0,2,2,3,0.375,1,1,0,1,1,1,2,2,2,2,5,2,1,2,3,0,1,1,1,3,3,2,1,1,2
"149","F",2,2,10,2,2,1,1,1.09724,1,1,3,5,4,5,2,1,2,2,7,0.875,1,1,1,0,1,0,2,2,2,2,5,2,2,2,2,0,1,2,1,3,3,1,1,3,3
"150","M",1,2,12,2,9,1,3,0.36464,1,1,3,4,4,5,0,0,1,1,2,0.5,0.75,0.75,1,1,1,1,2,2,2,2,5,2,3,2,2,0,3,1,1,2,3,1,2,3,4
"151","F",2,1,1,1,1,2,2,0.44068,0,0,1,1,2,1,1,0,0,1,2,0.625,0.5,0.75,1,0,1,1,1,1,1,1,3,1,1,1,1,1,2,1,1,2,1,1,1,2,3
"152","M",2,1,9,1,1,2,3,1.81639,0,0,1,3,2,1,-1,-1,0,1,-1,0.25,0.5,0.75,1,0,0,0,1,1,1,1,3,1,1,1,1,1,3,1,2,3,2,2,1,2,1
"153","M",5,2,10,2,9,1,3,0.14675,1,1,3,5,5,5,1,1,1,1,4,0.75,0.75,0.75,1,0,0,1,2,2,2,2,4,2,3,2,3,0,3,3,3,3,3,1,1,1,3
"154","M",1,2,12,2,9,1,1,0.97187,1,1,3,4,5,5,0,1,0,2,3,0.625,0.5,1,0,1,1,1,2,2,2,2,4,2,3,2,2,0,1,3,2,3,3,1,1,3,3
"155","F",2,2,10,2,9,1,1,0.31537,1,0,3,5,4,5,1,-2,-1,2,0,0.375,0.25,1,1,0,1,1,2,2,2,2,5,2,3,2,3,0,1,2,3,3,3,1,1,2,3
"156","F",2,2,10,2,1,1,2,0.61452,1,1,3,5,5,5,1,0,2,2,5,0.625,1,1,1,0,1,0,2,2,2,2,5,2,1,2,2,0,2,2,3,3,3,1,1,3,3
"157","M",1,2,9,1,1,1,3,0.34591,1,1,3,3,4,5,-1,-1,1,1,0,0.25,0.75,0.75,1,1,1,1,1,1,1,1,2,1,1,2,2,0,3,3,3,3,3,1,2,1,4
"158","M",1,2,10,2,9,1,1,1.37779,1,1,3,5,4,5,-1,0,0,2,1,0.375,0.5,1,1,1,0,0,2,2,2,2,5,2,3,2,3,0,1,1,1,3,2,3,3,2,NA
"159","M",2,1,9,1,1,2,2,0.31537,0,0,1,3,3,2,2,-1,-2,2,1,0.625,0,1,1,0,1,1,1,1,1,1,3,1,1,1,1,1,2,1,1,2,2,2,1,2,1
"160","F",2,1,9,1,1,2,3,0.61452,0,0,2,3,3,3,0,0,0,1,1,0.5,0.5,0.75,1,0,1,0,1,1,1,1,5,1,1,1,1,1,3,1,1,2,1,3,2,1,NA
"161","M",1,2,9,1,1,9,1,0.34591,1,1,3,3,4,5,-1,-2,0,2,-1,0.125,0.5,1,1,1,1,1,1,1,1,1,5,1,1,3,1,1,1,1,1,2,3,2,2,2,1
"162","F",2,1,9,1,1,2,2,0.61452,0,0,1,3,2,1,-1,-2,-2,2,-3,0.125,0,1,1,0,1,0,1,1,1,1,3,1,1,1,1,1,2,1,1,2,2,2,1,2,1
"163","M",1,2,10,2,9,1,1,0.71054,1,1,3,5,5,5,1,-1,1,2,3,0.5,0.75,1,1,1,1,0,2,2,2,2,5,2,3,2,2,0,1,2,3,2,3,1,2,1,4
"164","M",2,1,1,1,2,2,2,0.44068,0,0,1,1,2,1,1,-1,1,1,2,0.5,0.75,0.75,1,0,1,1,3,3,1,3,1,1,2,1,1,0,2,1,1,2,1,2,2,2,1
"165","F",2,1,5,1,2,2,2,1.88236,0,0,1,2,2,1,-2,-2,-2,2,-4,0,0,1,0,0,1,0,3,3,1,3,1,1,2,1,1,0,2,1,1,2,1,2,1,2,1
"166","F",1,2,12,2,2,2,2,1.02243,1,0,2,4,3,3,-2,-2,-2,2,-4,0,0,1,1,1,0,1,2,2,2,2,1,2,2,1,4,0,2,1,1,3,3,2,1,1,2
"167","F",2,1,8,1,1,2,3,0.31537,0,0,1,3,3,2,-2,-2,-2,2,-4,0,0,1,1,0,1,1,1,1,1,1,5,1,1,1,1,1,3,1,1,1,2,2,2,1,2
"168","F",2,2,12,1,1,9,2,0.7028,1,1,3,4,5,5,2,2,1,2,7,1,0.75,1,1,0,0,1,1,1,1,1,2,1,1,3,2,0,2,2,1,2,3,3,1,1,NA
"169","F",2,2,10,2,9,1,1,0.61452,1,1,3,5,4,5,-1,-1,1,2,1,0.25,0.75,1,1,0,1,0,2,2,2,2,5,2,3,2,2,0,1,2,1,3,3,1,2,1,4
"170","M",1,2,7,2,2,1,3,0.48336,1,0,3,3,4,5,-1,-1,-1,1,-2,0.25,0.25,0.75,1,1,1,1,5,5,5,5,5,2,2,2,3,0,3,1,1,2,2,2,1,1,2
"171","F",2,2,10,2,9,1,2,0.90521,1,1,3,5,5,5,1,1,1,2,5,0.75,0.75,1,1,0,1,0,2,2,2,2,5,2,3,2,3,0,2,2,1,2,3,2,1,1,2
"172","M",1,2,10,9,9,9,9,0.67404,1,1,2,5,5,3,1,-1,1,1,2,0.5,0.75,0.75,1,1,1,0,2,2,2,2,1,3,3,3,4,0,NA,1,1,2,1,2,1,3,NA
"173","F",1,1,1,1,2,2,2,0.71054,0,0,1,1,2,1,0,-1,-1,-1,-3,0.375,0.25,0.25,1,1,1,0,3,3,1,3,1,1,2,1,1,0,2,1,1,2,1,2,2,2,1
"174","F",1,9,7,1,1,1,2,0.67404,0,0,3,3,4,5,2,2,-2,2,4,1,0,1,1,1,1,0,1,1,1,1,2,1,1,2,1,1,2,1,1,2,2,2,1,2,1
"175","M",1,2,1,1,1,2,1,1.20352,1,0,3,1,3,4,2,2,2,2,8,1,1,1,1,1,1,0,1,1,1,1,5,1,1,1,1,1,1,1,1,2,2,2,1,2,1
"176","F",2,1,9,1,1,2,3,0.40297,0,0,1,3,2,1,-1,-1,-1,0,-3,0.25,0.25,0.5,1,0,1,1,1,1,1,1,3,1,1,1,1,1,3,1,1,3,1,2,3,2,1
"177","F",2,1,5,1,1,2,3,0.56309,0,0,1,2,3,2,-1,-1,-1,2,-1,0.25,0.25,1,1,0,1,1,1,1,1,1,3,1,1,1,1,1,3,1,1,2,1,2,1,2,1
"178","F",2,1,1,1,2,2,2,0.88605,0,0,1,1,1,1,2,1,-1,-2,0,0.875,0.25,0,0,0,1,1,3,3,1,3,1,1,2,1,1,0,2,1,1,2,1,2,1,2,1
"179","F",2,9,9,1,1,2,2,1.23434,0,0,1,3,3,2,1,2,0,-1,2,0.875,0.5,0.25,0,0,1,1,1,1,1,1,3,1,1,1,1,1,2,1,2,2,1,2,1,2,1
"180","M",2,1,5,1,1,2,2,0.78523,0,0,1,2,2,1,0,-1,-1,1,-1,0.375,0.25,0.75,1,0,1,0,1,1,1,1,3,1,1,1,1,1,2,1,1,3,2,1,2,2,4
"181","M",2,2,10,2,1,1,2,1.00419,1,1,3,5,4,5,-1,-1,-2,1,-3,0.25,0,0.75,0,0,1,1,2,2,2,2,4,2,1,2,2,0,2,2,3,3,3,2,1,1,2
"182","M",1,2,12,2,1,1,1,1.11694,1,1,3,4,5,5,-1,-2,2,2,1,0.125,1,1,0,1,1,1,2,2,2,2,5,2,1,2,2,0,1,1,1,3,3,1,2,1,4
"183","M",1,1,1,1,1,2,1,0.70069,0,0,1,1,1,1,2,1,2,2,7,0.875,1,1,1,1,1,0,1,1,1,1,5,1,1,1,1,1,1,2,3,1,1,2,1,1,2
"184","M",1,2,9,2,2,1,1,0.70069,1,0,2,3,2,3,2,0,1,-2,1,0.75,0.75,0,1,1,1,0,2,2,2,2,3,2,2,2,2,0,1,1,1,2,2,2,2,2,1
"185","F",2,1,9,1,1,2,2,1.35127,0,0,1,3,3,2,-2,-2,1,1,-2,0,0.75,0.75,1,0,0,0,1,1,1,1,3,1,1,1,1,1,2,1,1,2,1,2,1,2,1
"186","F",1,1,9,1,1,2,2,0.36464,0,0,1,3,3,2,-1,-1,0,2,0,0.25,0.5,1,1,1,1,1,1,1,1,1,3,1,1,1,1,1,2,1,1,2,1,2,3,2,1
"187","F",2,1,2,1,2,2,2,0.63882,0,0,1,1,1,1,0,-2,-2,1,-3,0.25,0,0.75,1,0,1,0,3,3,1,3,1,1,2,1,1,0,2,1,1,2,1,2,1,2,1
"188","F",1,2,12,2,1,1,3,0.35959,1,1,3,4,5,5,1,-2,1,2,2,0.375,0.75,1,1,1,1,1,2,2,2,2,1,2,1,2,2,0,3,2,3,3,3,1,2,1,4
"189","F",2,1,5,1,1,2,2,0.32783,0,0,1,2,3,2,-1,-1,-1,1,-2,0.25,0.25,0.75,1,0,1,1,1,1,1,1,3,1,1,1,1,1,2,1,1,2,1,2,1,1,2
"190","F",1,1,9,1,1,9,1,0.35959,0,0,3,3,4,5,-2,-2,-2,2,-4,0,0,1,1,1,1,1,1,1,1,1,5,1,1,3,1,1,1,1,1,2,1,2,1,2,1
"191","M",1,1,5,1,1,2,3,0.70069,0,0,1,2,2,1,-1,-2,-1,2,-2,0.125,0.25,1,1,1,1,0,1,1,1,1,3,1,1,1,1,1,3,1,1,2,1,2,1,2,1
"192","M",1,2,12,2,1,1,2,0.70069,1,0,3,4,4,5,1,0,2,2,5,0.625,1,1,1,1,1,0,5,5,5,5,5,2,1,2,2,0,2,NA,1,2,1,2,1,2,1
"193","F",2,1,9,1,1,2,2,0.89266,0,0,3,3,3,4,-1,-1,-1,2,-1,0.25,0.25,1,1,0,1,0,1,1,1,1,4,1,1,1,1,1,2,1,1,2,1,2,1,1,2
"194","F",1,1,1,1,1,2,3,0.35959,0,0,1,1,1,1,-1,-2,-1,1,-3,0.125,0.25,0.75,1,1,1,1,1,1,1,1,3,1,1,1,1,1,3,1,1,2,1,2,1,2,1
"195","F",1,2,10,2,2,1,1,0.94188,1,1,2,5,4,3,1,1,2,2,6,0.75,1,1,1,1,1,0,2,2,2,2,4,2,2,2,2,0,1,1,2,3,3,2,2,1,2
"196","F",2,1,9,1,2,2,9,1.35127,0,0,1,3,2,1,1,-2,0,1,0,0.375,0.5,0.75,1,0,0,0,3,3,1,3,1,1,2,1,1,0,NA,1,3,2,2,3,3,2,NA
"197","M",1,1,7,1,1,2,2,0.50247,0,0,3,3,4,5,2,-1,-1,2,2,0.625,0.25,1,1,1,1,1,1,1,1,1,5,1,1,1,1,1,2,1,2,2,2,2,1,3,NA
"198","F",2,2,12,2,9,1,1,0.4581,1,1,3,4,4,5,0,-1,0,2,1,0.375,0.5,1,1,0,1,1,2,2,2,2,5,2,3,2,2,0,1,2,1,3,3,1,2,1,4
"199","F",2,1,5,1,1,2,2,0.32783,0,0,1,2,2,1,-1,1,-1,1,0,0.5,0.25,0.75,1,0,1,1,1,1,1,1,3,1,1,1,1,1,2,1,1,2,1,2,2,2,1
"200","M",2,1,9,1,1,2,1,1.35127,0,0,1,3,3,2,1,0,1,2,4,0.625,0.75,1,1,0,0,0,1,1,1,1,5,1,1,1,1,1,1,1,2,2,1,2,1,1,2
"201","M",2,2,12,2,9,1,1,2.15399,1,1,3,4,4,5,0,-1,-1,1,-1,0.375,0.25,0.75,0,0,0,1,2,2,2,2,5,2,3,2,3,0,1,2,3,3,3,1,2,1,4
"202","F",2,1,2,1,1,2,2,7.88366,0,0,1,1,2,1,-1,1,1,0,1,0.5,0.75,0.5,0,0,0,0,3,3,5,3,5,1,1,1,1,0,2,1,3,2,2,2,1,1,2
"203","F",2,1,9,1,1,2,1,0.32783,0,0,1,3,3,2,-2,-2,1,1,-2,0,0.75,0.75,1,0,1,1,1,1,1,1,5,1,1,1,1,1,1,1,1,2,1,2,2,2,1
"204","F",2,1,1,1,1,2,2,0.29655,0,0,1,1,1,1,-1,-2,-1,2,-2,0.125,0.25,1,1,0,1,1,1,1,1,1,3,1,1,1,1,1,2,1,2,2,1,2,1,2,1
"205","M",1,2,12,2,1,1,2,2.17648,1,1,3,4,5,5,1,-1,-1,2,1,0.5,0.25,1,0,1,1,0,2,2,2,2,4,2,1,2,2,0,2,2,1,3,3,1,2,3,4
"206","F",2,2,10,2,9,1,2,0.41439,1,1,3,5,4,5,1,-1,2,2,4,0.5,1,1,1,0,1,1,2,2,2,2,5,2,3,2,3,0,2,2,1,3,3,1,2,1,4
"207","M",1,1,9,1,1,2,3,0.32527,0,0,1,3,3,2,-1,-1,1,1,0,0.25,0.75,0.75,1,1,1,1,1,1,1,1,3,1,1,1,1,1,3,1,1,2,1,2,1,2,1
"208","M",1,2,12,2,9,1,3,0.63383,1,1,3,4,4,5,-1,1,1,-1,0,0.5,0.75,0.25,1,1,1,0,2,2,2,2,4,2,3,2,3,0,3,3,2,2,3,2,1,1,2
"209","M",2,2,7,2,9,1,1,1.01831,1,1,3,3,4,5,-2,0,1,2,1,0.25,0.75,1,0,0,1,1,2,2,2,2,5,2,3,2,3,0,1,3,3,2,3,2,1,1,2
"210","F",2,1,9,1,1,2,2,0.41439,0,0,2,3,3,3,-1,-1,-2,1,-3,0.25,0,0.75,1,0,1,1,1,1,1,1,3,1,1,1,1,1,2,1,1,2,1,2,1,2,1
"211","M",1,1,9,1,1,9,1,0.63383,0,1,1,3,3,2,2,-1,-1,1,1,0.625,0.25,0.75,1,1,1,0,1,1,1,1,5,1,1,3,1,1,1,1,1,2,2,2,1,2,1
"212","M",1,2,12,2,9,1,2,0.50953,1,1,3,4,5,5,1,-2,0,2,1,0.375,0.5,1,1,1,1,1,2,2,2,2,4,2,3,2,2,0,2,1,1,3,3,1,2,3,4
"213","F",2,1,4,1,1,2,3,0.29655,0,0,1,2,2,1,-2,-1,-2,-1,-6,0.125,0,0.25,1,0,1,1,1,1,1,1,3,1,1,1,1,1,3,1,1,2,1,2,1,2,1
"214","M",1,1,8,1,2,2,1,0.67404,0,0,1,3,3,2,-1,-1,-1,2,-1,0.25,0.25,1,1,1,1,0,1,1,1,1,3,1,2,1,1,1,1,1,NA,2,1,2,2,1,2
"215","F",2,2,10,2,9,1,3,0.57786,1,1,3,5,5,5,-2,1,2,2,3,0.375,1,1,1,0,1,0,2,2,2,2,5,2,3,2,3,0,3,1,1,2,2,1,1,3,3
"216","F",2,1,5,9,2,2,2,9.55616,0,0,1,2,3,2,0,-2,-2,0,-4,0.25,0,0.5,0,0,0,0,3,3,1,3,1,3,2,1,1,0,2,3,1,2,1,2,1,3,NA
"217","F",2,2,10,2,9,1,3,0.46132,1,1,3,5,5,5,-1,-1,2,2,2,0.25,1,1,1,0,0,1,2,2,2,2,4,2,3,2,2,0,3,1,1,2,3,2,1,1,2
"218","M",1,9,9,1,1,2,1,0.73799,0,0,2,3,3,3,-2,2,-2,2,0,0.5,0,1,1,1,0,0,1,1,1,1,5,1,1,1,1,1,1,3,3,2,2,2,1,2,1
"219","F",1,2,12,2,2,1,1,0.63383,1,1,3,4,4,5,-2,2,1,1,2,0.5,0.75,0.75,1,1,1,0,2,2,2,2,3,2,2,2,1,0,1,1,3,3,2,1,2,1,4
"220","F",2,1,5,1,1,2,3,0.80748,0,0,1,2,3,2,-1,-1,-1,2,-1,0.25,0.25,1,1,0,1,0,1,1,1,1,3,1,1,1,1,1,3,1,2,2,1,2,1,2,1
"221","M",1,2,10,2,1,1,2,0.63383,1,1,3,5,4,5,-1,-1,1,1,0,0.25,0.75,0.75,1,1,1,0,2,2,2,2,1,2,1,2,2,0,2,NA,1,3,3,1,1,1,3
"222","M",1,1,5,1,2,2,3,0.32527,0,0,1,2,3,2,1,1,-1,2,3,0.75,0.25,1,1,1,1,1,1,1,1,1,3,1,2,1,1,1,3,1,1,2,1,2,1,2,1
"223","M",1,9,9,9,9,9,9,0.72488,0,0,2,3,3,3,0,-2,1,2,1,0.25,0.75,1,1,1,0,1,5,5,5,5,5,3,3,3,4,0,NA,NA,1,2,1,2,1,3,NA
"224","M",1,1,2,1,2,2,2,0.88569,0,0,1,1,2,1,-1,-1,-2,1,-3,0.25,0,0.75,1,1,1,0,3,3,1,3,1,1,2,1,1,0,2,1,1,2,1,1,1,2,3
"225","F",2,2,9,1,1,2,1,0.46454,1,0,3,3,4,5,1,-1,2,2,4,0.5,1,1,1,0,1,1,1,1,1,1,5,1,1,1,2,0,1,1,1,3,2,2,1,2,1
"226","F",1,1,9,1,1,2,2,0.44335,0,0,2,3,3,3,-1,0,0,2,1,0.375,0.5,1,1,1,1,1,1,1,1,1,3,1,1,1,1,1,2,1,1,2,1,2,1,2,1
"227","M",1,2,12,2,1,1,2,0.63383,1,0,3,4,4,5,-1,1,1,2,3,0.5,0.75,1,1,1,1,0,2,2,2,2,1,2,1,2,1,0,2,1,1,2,2,2,1,1,2
"228","M",5,2,12,2,1,1,1,0.2456,1,1,3,4,4,5,1,2,2,1,6,0.875,1,0.75,1,0,1,0,2,2,2,2,5,2,1,2,3,0,1,1,1,1,1,2,1,1,2
"229","F",2,2,10,2,9,1,1,5.13427,1,1,2,5,5,3,-1,1,2,2,4,0.5,1,1,0,0,0,0,2,2,2,2,5,2,3,2,3,0,1,3,1,3,3,1,1,1,3
"230","M",1,2,10,2,1,1,1,0.99288,1,1,3,5,3,4,2,2,1,2,7,1,0.75,1,1,1,1,0,2,2,2,2,5,2,1,2,2,0,1,2,1,1,1,1,1,1,3
"231","M",1,1,8,1,2,2,2,0.32527,0,0,1,3,1,1,-2,-2,-2,2,-4,0,0,1,1,1,1,1,3,3,1,3,1,1,2,1,1,0,2,1,1,1,2,2,1,2,1
"232","F",2,2,10,2,9,1,1,0.57786,1,1,3,5,5,5,-2,0,-2,2,-2,0.25,0,1,1,0,1,0,2,2,2,2,5,2,3,2,3,0,1,2,2,2,2,1,3,3,NA
"233","F",1,2,10,2,9,1,1,0.88569,1,1,3,5,4,5,2,2,1,2,7,1,0.75,1,1,1,1,0,2,2,2,2,5,2,3,2,3,0,1,1,3,3,3,2,3,1,2
"234","F",2,2,10,2,9,1,3,0.57786,1,1,3,5,4,5,1,2,-1,2,4,0.875,0.25,1,1,0,1,0,2,2,2,2,4,2,3,2,2,0,3,2,1,3,3,2,2,1,2
"235","M",2,2,12,2,9,1,2,1.09724,1,1,3,4,5,5,2,2,2,1,7,1,1,0.75,1,0,1,0,2,2,2,2,4,2,3,2,3,0,2,2,1,2,3,1,2,1,4
"236","F",1,2,10,2,1,9,1,1.82183,1,1,3,5,4,5,0,2,2,2,6,0.75,1,1,1,1,0,0,2,2,2,2,4,2,1,3,3,0,1,1,1,1,2,2,2,3,NA
"237","F",2,9,9,1,1,9,2,0.40297,0,0,2,3,4,3,1,-2,2,2,3,0.375,1,1,1,0,1,1,5,5,5,5,5,1,1,3,1,0,2,1,2,2,2,2,1,1,2
"238","M",1,1,5,1,1,2,9,0.61763,0,0,1,2,3,2,0,-2,-2,2,-2,0.25,0,1,1,1,1,1,1,1,1,1,3,1,1,1,1,1,NA,1,1,2,1,2,3,3,NA
"239","M",1,2,10,2,9,1,1,0.442,1,1,3,5,4,5,-2,-2,2,2,0,0,1,1,1,1,1,1,2,2,2,2,5,2,3,2,3,0,1,1,3,2,3,1,2,1,4
"240","M",1,2,12,2,9,1,2,0.63383,1,1,3,4,5,5,-1,-1,0,2,0,0.25,0.5,1,1,1,1,0,2,2,2,2,4,2,3,2,2,0,2,2,2,3,3,1,1,3,3
"241","M",1,1,5,1,1,2,1,1.91938,0,0,2,2,4,3,1,1,2,2,6,0.75,1,1,1,1,0,0,1,1,1,1,5,1,1,1,1,1,1,1,3,3,2,2,2,1,2
"242","M",1,2,10,2,9,1,1,0.86128,1,1,3,5,5,5,2,-1,2,2,5,0.625,1,1,1,1,1,0,2,2,2,2,5,2,3,2,3,0,1,2,1,3,3,3,2,2,NA
"243","F",2,1,9,1,1,2,1,0.6478,0,0,1,3,2,1,-2,-2,-2,2,-4,0,0,1,1,0,1,0,1,1,1,1,4,1,1,1,1,1,1,1,1,2,2,2,1,1,2
"244","F",2,1,1,1,1,2,2,0.78523,0,0,1,1,2,1,1,-1,1,1,2,0.5,0.75,0.75,1,0,1,0,1,1,1,1,3,1,1,1,1,1,2,1,1,2,3,1,1,1,3
"245","F",1,1,5,1,1,2,3,0.35959,0,0,2,2,3,3,0,1,-2,1,0,0.625,0,0.75,1,1,1,1,1,1,1,1,3,1,1,1,1,1,3,1,1,2,1,2,1,2,1
"246","F",2,1,1,1,2,2,3,0.33244,0,0,1,1,1,1,-1,-1,-2,0,-4,0.25,0,0.5,1,0,1,1,1,1,1,1,3,1,2,1,1,1,3,1,1,2,1,2,2,2,1
"247","M",1,2,9,1,1,2,9,0.61825,1,0,3,3,3,4,-1,-1,1,1,0,0.25,0.75,0.75,1,1,1,0,1,1,1,1,5,1,1,1,1,1,NA,1,2,2,2,2,1,2,1
"248","M",2,9,4,9,2,2,1,0.65629,0,0,2,2,3,3,1,-1,1,0,1,0.5,0.75,0.5,1,0,0,0,5,5,5,5,5,3,2,1,1,0,1,1,2,2,1,2,3,1,2
"249","F",1,1,4,1,1,2,2,0.50953,0,0,2,2,3,3,-2,-2,-1,1,-4,0,0.25,0.75,1,1,1,1,1,1,1,1,3,1,1,1,1,1,2,1,1,2,1,2,1,2,1
"250","M",2,1,5,1,1,9,1,0.78763,0,1,1,2,3,2,-1,-1,0,2,0,0.25,0.5,1,1,0,1,0,1,1,1,1,5,1,1,3,1,1,1,1,1,2,2,2,2,1,2
"251","M",1,1,5,1,1,2,3,0.86392,0,0,2,2,3,3,0,-2,-2,2,-2,0.25,0,1,1,1,1,0,1,1,1,1,4,1,1,1,1,1,3,1,1,2,1,1,1,2,3
"252","F",2,2,10,2,9,1,1,0.56309,1,1,3,5,5,5,2,0,1,2,5,0.75,0.75,1,1,0,1,1,2,2,2,2,5,2,3,2,3,0,1,NA,2,2,3,2,3,1,2
"253","F",2,1,9,1,1,2,3,0.966,0,0,1,3,1,1,1,1,-1,1,2,0.75,0.25,0.75,0,0,1,1,1,1,1,1,3,1,1,1,1,1,3,1,1,2,1,2,1,2,1
"254","F",2,1,4,1,1,9,1,1.41308,0,0,1,2,3,2,-1,-1,-1,1,-2,0.25,0.25,0.75,0,0,0,1,1,1,1,1,5,1,1,3,1,1,1,3,1,2,2,3,3,3,NA
"255","M",2,1,9,1,1,2,9,0.28926,0,0,1,3,3,2,2,-1,2,2,5,0.625,1,1,1,0,1,1,1,1,1,1,3,1,1,1,1,1,NA,1,2,2,3,1,1,3,3
"256","F",1,2,12,2,2,1,1,0.86392,1,1,2,4,4,3,0,2,1,2,5,0.75,0.75,1,1,1,1,0,2,2,2,2,5,2,2,2,2,0,1,1,1,2,3,2,2,1,2
"257","F",1,2,10,2,2,1,2,0.9378,1,1,3,5,5,5,-1,-1,1,2,1,0.25,0.75,1,1,1,0,1,2,2,2,2,4,2,2,2,3,0,2,2,1,3,3,1,2,3,4
"258","M",1,1,5,1,2,2,2,0.61825,0,0,1,2,2,1,0,-1,-1,1,-1,0.375,0.25,0.75,1,1,1,0,3,3,1,3,1,1,2,1,1,0,2,1,1,2,1,2,1,2,1
"259","F",1,2,12,2,2,1,1,0.70706,1,1,3,4,5,5,1,1,1,1,4,0.75,0.75,0.75,1,1,0,1,2,2,2,2,4,2,2,2,2,0,1,3,1,3,3,1,2,1,4
"260","F",2,1,9,1,1,2,2,0.78763,0,0,1,3,3,2,-1,-1,0,-1,-3,0.25,0.5,0.25,1,0,1,0,1,1,1,1,3,1,1,1,1,1,2,1,1,2,2,2,1,2,1
"261","F",2,1,5,1,1,2,2,0.32783,0,0,1,2,1,1,-2,1,-1,2,0,0.375,0.25,1,1,0,1,1,3,3,1,3,1,1,1,1,1,0,2,1,2,2,1,2,1,2,1
"262","M",1,2,12,2,9,1,1,0.61825,1,1,3,4,5,5,-2,-2,2,2,0,0,1,1,1,1,1,0,2,2,2,2,5,2,3,2,3,0,1,1,3,3,3,1,2,1,4
"263","F",2,1,9,1,2,2,3,0.4042,0,0,1,3,3,2,0,-1,-2,0,-3,0.375,0,0.5,1,0,1,1,1,1,1,1,3,1,2,1,1,1,3,1,2,2,1,2,1,2,1
"264","M",2,2,10,2,9,1,1,0.86436,1,1,3,5,4,5,2,2,0,2,6,1,0.5,1,0,0,1,0,5,5,5,5,5,2,3,2,3,0,1,3,1,3,3,2,2,3,NA
"265","F",2,2,10,2,2,1,1,0.56366,1,1,3,5,5,5,-2,0,1,2,1,0.25,0.75,1,1,0,1,0,2,2,2,2,4,2,2,2,2,0,1,3,3,3,3,1,2,1,4
"266","M",1,2,10,2,9,1,2,0.986,1,1,3,5,4,5,1,-1,1,2,3,0.5,0.75,1,1,1,0,0,2,2,2,2,4,2,3,2,3,0,2,2,1,3,3,1,1,1,3
"267","M",1,1,4,1,2,2,3,0.70706,0,0,1,2,1,1,-2,-1,-2,0,-5,0.125,0,0.5,1,1,0,1,3,3,1,3,1,1,2,1,1,0,3,1,1,2,1,2,1,2,1
"268","M",2,2,10,2,9,1,1,0.56366,1,1,3,5,5,5,-1,-1,1,2,1,0.25,0.75,1,1,0,1,0,2,2,2,2,5,2,3,2,2,0,1,1,1,3,3,1,2,1,4
"269","F",2,9,9,1,1,2,3,1.72656,0,0,2,3,4,3,-2,-2,0,-2,-6,0,0.5,0,0,0,1,0,1,1,1,1,4,1,1,1,1,1,3,1,2,2,2,2,1,1,2
"270","F",2,2,10,9,9,2,1,0.4042,1,1,3,5,4,5,2,1,2,2,7,0.875,1,1,1,0,1,1,5,5,5,5,5,3,3,1,4,0,1,2,3,2,2,1,1,1,3
"271","M",1,2,12,2,1,1,3,0.50953,1,1,3,4,4,5,-2,-1,-2,2,-3,0.125,0,1,1,1,1,1,2,2,2,2,5,2,1,2,3,0,3,1,NA,3,3,2,1,1,2
"272","M",1,2,12,2,1,1,2,0.44335,1,1,3,4,4,5,-2,-2,1,2,-1,0,0.75,1,1,1,1,1,2,2,2,2,1,2,1,2,2,0,2,3,1,3,3,1,2,1,4
"273","M",1,2,10,2,9,1,1,0.67404,1,1,3,5,4,5,0,-2,0,2,0,0.25,0.5,1,1,1,1,0,2,2,2,2,5,2,3,2,3,0,1,NA,NA,1,2,1,1,1,3
"274","M",2,1,9,1,1,2,1,2.32096,0,0,1,3,3,2,0,0,1,1,2,0.5,0.75,0.75,1,0,0,0,1,1,1,1,3,1,1,1,1,1,1,2,1,3,2,1,1,1,3
"275","M",2,1,5,1,1,2,3,1.23434,0,0,1,2,2,1,1,0,1,1,3,0.625,0.75,0.75,0,0,1,1,1,1,1,1,3,1,1,1,1,1,3,2,2,2,2,2,1,3,NA
"276","M",2,9,9,1,1,2,3,0.78523,0,0,2,3,3,3,1,1,1,2,5,0.75,0.75,1,1,0,1,0,1,1,1,1,5,1,1,1,1,1,3,NA,NA,2,2,3,3,2,NA
"277","M",1,2,10,2,9,1,9,0.93494,1,1,3,5,5,5,2,0,-1,0,1,0.75,0.25,0.5,1,1,0,1,2,2,2,2,4,2,3,2,2,0,NA,3,2,2,2,3,3,1,NA
"278","F",2,2,10,2,2,1,1,0.90521,1,1,3,5,3,4,1,1,2,2,6,0.75,1,1,1,0,1,0,2,2,2,2,5,2,2,2,3,0,1,2,3,3,3,1,2,3,4
"279","F",2,9,4,1,1,9,1,1.09724,0,1,3,2,3,4,-1,-1,-1,1,-2,0.25,0.25,0.75,1,0,1,0,1,1,1,1,5,1,1,3,1,1,1,1,1,2,2,2,1,2,1
"280","M",1,1,9,1,1,9,9,0.442,0,0,1,3,3,2,-2,-2,-2,2,-4,0,0,1,1,1,1,1,1,1,1,1,5,1,1,3,1,1,NA,1,1,1,3,1,1,1,3
"281","F",2,1,4,1,2,2,3,0.78523,0,0,1,2,1,1,-1,0,0,1,0,0.375,0.5,0.75,1,0,1,0,3,3,1,3,1,1,2,1,1,0,3,1,2,2,2,1,2,3,4
"282","M",1,1,1,1,2,2,3,4.43764,0,0,1,1,1,1,1,1,-2,-1,-1,0.75,0,0.25,0,1,0,1,3,3,1,3,1,1,2,1,1,0,3,1,3,2,1,2,1,2,1
"283","F",2,2,9,1,1,1,1,2.40525,1,0,3,3,4,5,0,0,-1,2,1,0.5,0.25,1,0,0,1,0,1,1,1,1,4,1,1,2,2,0,1,1,1,2,2,1,1,1,3
"284","M",2,1,5,1,1,2,3,0.90521,0,1,1,2,3,2,1,0,-1,-1,-1,0.625,0.25,0.25,1,0,1,0,1,1,1,1,3,1,1,1,1,1,3,1,1,2,2,2,1,3,NA
"285","F",2,2,12,2,1,1,9,0.40297,1,1,3,4,5,5,1,0,1,2,4,0.625,0.75,1,1,0,1,1,4,5,5,4,5,2,1,2,2,0,NA,2,3,3,3,1,2,3,4
"286","M",1,2,12,2,9,1,2,1.03123,1,1,3,4,4,5,1,1,1,2,5,0.75,0.75,1,1,1,0,0,2,2,2,2,5,2,3,2,2,0,2,3,1,3,3,2,1,1,2
"287","F",2,1,9,1,1,9,1,1.66096,0,0,3,3,3,4,1,-1,2,2,4,0.5,1,1,1,0,0,0,1,1,1,1,5,1,1,3,2,0,1,3,1,2,2,2,1,1,2
"288","M",1,1,9,1,1,2,3,0.442,0,0,1,3,2,1,-2,-1,-1,1,-3,0.125,0.25,0.75,1,1,1,1,1,1,1,1,3,1,1,1,1,1,3,1,1,2,1,2,1,2,1
"289","M",2,2,10,2,9,1,1,1.09724,1,1,3,5,3,4,1,1,1,2,5,0.75,0.75,1,1,0,1,0,2,2,2,2,5,2,3,2,3,0,1,1,1,2,3,1,1,1,3
"290","F",2,1,5,9,9,9,9,0.40297,0,0,1,2,2,1,0,-2,0,0,-2,0.25,0.5,0.5,1,0,1,1,5,5,5,5,5,3,3,3,1,0,NA,1,2,2,2,3,1,3,NA
"291","M",1,2,8,1,1,2,2,0.50953,1,0,2,3,3,3,2,1,0,1,4,0.875,0.5,0.75,1,1,1,1,1,1,1,1,4,1,1,1,1,1,2,1,1,1,1,2,1,2,1
"292","F",2,1,2,1,1,2,2,1.09724,0,0,1,1,2,1,0,0,-1,0,-1,0.5,0.25,0.5,1,0,1,0,1,1,1,1,3,1,1,1,1,1,2,1,1,2,1,2,1,2,1
"293","M",1,1,1,1,1,2,3,0.86128,0,0,1,1,2,1,1,2,1,2,6,0.875,0.75,1,1,1,1,0,1,1,1,1,5,1,1,1,1,1,3,1,1,2,1,2,2,2,1
"294","F",2,2,12,2,9,1,1,0.40297,1,1,3,4,4,5,1,2,-1,2,4,0.875,0.25,1,1,0,1,1,1,1,1,1,5,2,3,2,3,0,1,1,1,3,3,1,3,2,NA
"295","F",2,1,5,1,2,2,2,0.78523,0,0,1,2,3,2,0,0,1,1,2,0.5,0.75,0.75,1,0,1,0,3,3,1,3,1,1,2,1,1,0,2,1,1,2,1,2,1,2,1
"296","F",2,1,2,1,2,2,2,0.46454,0,0,1,1,2,1,-1,1,-1,1,0,0.5,0.25,0.75,1,0,1,1,3,3,1,3,1,1,2,1,1,0,2,1,2,3,2,3,1,2,NA
"297","F",1,1,8,1,1,1,2,0.55166,0,0,3,3,4,5,-2,-2,-2,2,-4,0,0,1,1,1,0,1,1,1,1,1,2,1,1,2,1,1,2,1,1,1,2,2,1,1,2
"298","F",2,1,5,1,1,2,3,0.98005,0,0,1,2,1,1,-1,1,-2,-2,-4,0.5,0,0,1,0,0,0,1,1,1,1,3,1,1,1,1,1,3,1,1,2,1,1,1,1,3
"299","M",1,2,12,9,9,9,1,1.91938,1,0,3,4,4,5,1,1,0,2,4,0.75,0.5,1,1,1,0,0,5,5,5,5,5,3,3,3,4,0,1,1,1,3,3,2,1,1,2
"300","M",2,1,9,1,1,9,1,2.32096,0,0,1,3,2,1,-1,0,1,1,1,0.375,0.75,0.75,1,0,0,0,1,1,1,1,5,1,1,3,1,1,1,1,1,1,2,2,1,3,NA
"301","F",2,1,2,1,1,2,3,0.31537,0,0,3,1,1,4,-2,0,0,2,0,0.25,0.5,1,1,0,1,1,1,1,1,1,3,1,1,1,1,1,3,1,1,2,1,2,1,2,1
"302","F",2,2,9,1,1,1,3,0.78523,1,1,3,3,4,5,2,2,1,2,7,1,0.75,1,1,0,1,0,1,1,1,1,5,1,1,2,3,0,3,1,2,2,2,2,2,1,2
"303","F",2,1,5,2,2,2,2,12.67473,0,1,2,2,4,3,0,1,1,1,3,0.625,0.75,0.75,0,0,0,0,3,3,2,3,2,2,2,1,3,0,2,3,3,2,2,2,1,2,1
"304","F",2,2,10,2,9,1,1,0.50979,1,1,3,5,5,5,1,1,1,2,5,0.75,0.75,1,0,0,1,1,2,2,2,2,5,2,3,2,2,0,1,3,3,3,3,1,2,1,4
"305","F",1,2,10,2,9,1,2,1.89379,1,1,3,5,5,5,-1,0,1,2,2,0.375,0.75,1,0,1,1,0,2,2,2,2,5,2,3,2,2,0,2,2,3,3,3,1,2,1,4
"306","M",1,2,9,1,1,9,1,1.50212,1,0,3,3,3,4,-2,-1,1,2,0,0.125,0.75,1,1,1,0,0,1,1,1,1,5,1,1,3,1,1,1,NA,1,3,3,1,3,3,NA
"307","F",2,1,5,1,1,9,9,0.64463,0,0,1,2,3,2,1,1,-1,0,1,0.75,0.25,0.5,1,0,0,1,1,1,1,1,3,1,1,3,1,1,NA,NA,1,2,2,2,3,3,NA
"308","M",1,1,5,1,2,2,3,1.58345,0,0,1,2,1,1,-1,-1,0,0,-2,0.25,0.5,0.5,1,1,0,0,1,1,1,1,3,1,2,1,1,1,3,1,1,3,1,2,1,2,1
"309","M",2,1,8,1,1,2,1,0.46454,0,0,1,3,2,1,1,0,0,-1,0,0.625,0.5,0.25,1,0,1,1,1,1,1,1,3,1,1,1,1,1,1,1,3,2,3,1,2,1,4
"310","M",1,2,9,1,1,1,2,0.48336,1,0,3,3,4,5,1,-2,0,2,1,0.375,0.5,1,1,1,1,1,1,1,1,1,2,1,1,2,2,0,2,1,1,3,3,1,1,2,3
"311","F",2,1,9,1,1,2,3,0.6478,0,0,1,3,3,2,0,-1,0,2,1,0.375,0.5,1,1,0,1,0,1,1,1,1,3,1,1,1,1,1,3,1,1,2,1,2,1,2,1
"312","F",2,1,1,1,1,2,2,0.28926,0,0,1,1,3,2,-1,-1,0,2,0,0.25,0.5,1,1,0,1,1,1,1,1,1,3,1,1,1,1,1,2,1,2,2,2,1,1,2,3
"313","F",1,1,9,1,1,2,3,0.36464,0,0,2,3,3,3,-2,-1,0,2,-1,0.125,0.5,1,1,1,1,1,1,1,1,1,3,1,1,1,1,1,3,1,1,2,1,2,1,3,NA
"314","F",1,1,5,1,1,2,2,0.36464,0,0,1,2,1,1,-1,-1,-2,2,-2,0.25,0,1,1,1,1,1,1,1,1,1,3,1,1,1,1,1,2,1,1,2,1,2,1,2,1
"315","F",2,1,5,1,2,2,2,0.90521,0,0,2,2,3,3,0,-1,-1,2,0,0.375,0.25,1,1,0,1,0,3,3,1,3,1,1,2,1,1,0,2,1,1,2,1,2,1,2,1
"316","F",2,1,9,1,1,2,2,0.56309,0,0,1,3,2,1,1,1,-2,1,1,0.75,0,0.75,1,0,1,1,1,1,1,1,3,1,1,1,1,1,2,1,1,2,1,2,1,2,1
"317","M",5,2,2,9,9,9,1,0.49163,1,1,2,1,3,3,2,2,0,0,4,1,0.5,0.5,0,0,0,0,3,3,5,3,5,3,3,3,4,0,1,3,3,3,3,2,1,1,2
"318","F",2,1,4,1,1,2,2,0.46454,0,0,1,2,2,1,1,-1,-1,1,0,0.5,0.25,0.75,1,0,1,1,1,1,1,1,3,1,1,1,1,1,2,1,1,2,1,2,1,3,NA
"319","M",1,1,5,1,1,2,2,0.36464,0,0,1,2,3,2,-1,0,0,0,-1,0.375,0.5,0.5,1,1,1,1,1,1,1,1,3,1,1,1,1,1,2,3,1,2,1,2,1,2,1
"320","M",1,9,8,1,1,2,1,1.78131,0,0,1,3,3,2,-2,2,2,-2,0,0.5,1,0,0,1,0,1,1,1,1,1,3,1,1,1,1,1,1,1,1,1,3,1,1,1,3
"321","F",2,1,1,1,2,2,3,0.46454,0,0,1,1,3,2,1,1,-1,-1,0,0.75,0.25,0.25,1,0,1,1,1,1,1,1,3,1,2,1,1,1,3,1,1,2,1,1,2,2,4
"322","M",1,1,9,1,1,2,2,1.11694,0,0,2,3,3,3,-2,-1,-2,2,-3,0.125,0,1,0,1,1,1,1,1,1,1,5,1,1,1,1,1,2,1,1,1,1,2,1,2,1
"323","M",1,1,9,1,1,2,2,1.42578,0,0,1,3,3,2,-1,1,0,0,0,0.5,0.5,0.5,1,1,0,0,1,1,1,1,3,1,1,1,1,1,2,3,1,2,1,2,1,3,NA
"324","M",1,1,2,1,2,2,2,0.71054,0,0,1,1,2,1,-1,-2,-1,2,-2,0.125,0.25,1,1,1,1,0,3,3,1,3,1,1,2,1,1,0,2,1,1,3,1,2,1,2,1
"325","F",2,2,10,2,2,1,1,0.6478,1,1,2,5,3,3,1,-1,2,2,4,0.5,1,1,1,0,1,0,2,2,2,2,4,2,2,2,2,0,1,2,2,2,3,2,1,2,1
"326","M",1,2,12,2,9,1,1,1.11694,1,1,3,4,4,5,-2,-1,0,2,-1,0.125,0.5,1,0,1,1,1,2,2,2,2,5,2,3,2,2,0,1,1,3,2,3,1,2,1,4
"327","F",2,1,9,1,1,9,2,0.89802,0,0,2,3,3,3,1,0,0,1,2,0.625,0.5,0.75,1,0,0,1,1,1,1,1,5,1,1,3,1,1,2,1,1,2,2,2,1,1,2
"328","F",1,2,12,2,2,1,3,0.4988,1,0,2,4,3,3,1,0,1,1,3,0.625,0.75,0.75,0,1,1,1,2,2,2,2,4,2,2,2,2,0,3,1,1,3,3,1,1,1,3
"329","M",1,1,2,1,1,2,2,0.31728,0,0,1,1,1,1,0,0,-2,-1,-3,0.5,0,0.25,1,1,1,1,3,3,1,3,1,1,1,1,1,0,2,1,1,2,1,2,1,2,1
"330","M",1,1,9,1,1,2,2,0.31728,0,0,1,3,3,2,-1,-2,2,2,1,0.125,1,1,1,1,1,1,1,1,1,1,3,1,1,1,1,1,2,1,1,2,1,2,1,2,1
"331","F",2,2,10,2,9,1,2,0.85499,1,1,3,5,4,5,2,2,2,2,8,1,1,1,1,0,0,1,2,2,2,2,4,2,3,2,3,0,2,3,3,3,3,2,1,1,2
"332","M",2,1,9,1,1,2,2,1.81639,0,0,1,3,2,1,0,-1,-1,2,0,0.375,0.25,1,1,0,0,0,1,1,1,1,3,1,1,1,1,1,2,1,1,2,1,2,1,2,1
"333","F",2,2,10,2,9,1,9,0.56366,1,1,2,5,3,3,2,1,1,2,6,0.875,0.75,1,1,0,1,0,2,2,2,2,5,2,3,2,3,0,NA,1,1,2,2,2,1,2,1
"334","F",2,1,2,9,2,2,9,1.01831,0,0,1,1,2,1,1,1,-1,-2,-1,0.75,0.25,0,0,0,1,1,3,3,1,3,1,3,2,1,1,0,NA,1,1,2,1,2,1,2,1
"335","M",1,2,12,2,9,1,2,0.67404,1,1,3,4,5,5,2,2,2,2,8,1,1,1,1,1,1,0,2,2,2,2,4,2,3,2,2,0,2,2,1,3,3,1,2,3,4
"336","M",1,2,12,2,9,1,1,0.36464,1,1,3,4,4,5,1,-1,2,2,4,0.5,1,1,1,1,1,1,2,2,2,2,5,2,3,2,2,0,1,2,1,3,3,1,2,3,4
"337","M",2,1,1,1,2,2,2,0.90521,0,0,1,1,1,1,-1,0,-2,0,-3,0.375,0,0.5,1,0,1,0,3,3,1,3,1,1,2,1,1,0,2,3,1,3,1,2,1,2,1
"338","M",1,2,10,2,2,1,1,2.1002,1,0,3,5,4,5,2,2,2,2,8,1,1,1,1,1,0,0,2,2,2,2,5,2,2,2,2,0,1,3,1,3,3,1,2,1,4
"339","F",2,2,12,2,2,1,2,4.19729,1,1,3,4,5,5,-1,-1,0,2,0,0.25,0.5,1,0,0,0,0,2,2,2,2,4,2,2,2,2,0,2,3,3,3,3,1,2,1,4
"340","M",1,1,1,1,2,2,2,1.07779,0,0,2,1,1,3,0,1,0,0,1,0.625,0.5,0.5,1,1,0,1,3,3,1,3,1,1,2,1,1,0,2,1,1,1,2,2,1,2,1
"341","M",1,1,8,1,1,9,2,0.45452,0,0,2,3,3,3,1,1,-1,1,2,0.75,0.25,0.75,1,1,1,1,1,1,1,1,5,1,1,3,1,1,2,1,2,2,2,2,1,3,NA
"342","F",1,2,12,2,1,1,3,0.31728,1,1,3,4,5,5,0,-2,1,2,1,0.25,0.75,1,1,1,1,1,2,2,2,2,5,2,1,2,3,0,3,2,1,3,3,1,2,1,4
"343","F",2,1,9,1,1,2,2,0.50979,0,0,2,3,3,3,-2,-2,0,2,-2,0,0.5,1,0,0,1,1,1,1,1,1,3,1,1,1,1,1,2,1,1,2,1,2,3,2,1
"344","F",1,2,10,2,9,1,1,0.86392,1,1,3,5,5,5,-2,-1,1,2,0,0.125,0.75,1,1,1,1,0,2,2,2,2,5,2,3,2,3,0,1,1,2,3,3,1,2,1,4
"345","F",2,1,4,1,2,2,2,1.01831,0,0,1,2,2,1,0,1,-1,1,1,0.625,0.25,0.75,0,0,1,1,1,1,1,1,3,1,2,1,1,1,2,1,2,2,1,2,1,1,2
"346","F",1,2,10,2,9,1,1,0.86392,1,1,3,5,4,5,-1,0,1,2,2,0.375,0.75,1,1,1,1,0,2,2,2,2,4,2,3,2,3,0,1,2,1,3,3,1,2,1,4
"347","F",2,2,10,2,9,1,2,0.46454,1,1,3,5,5,5,1,0,0,2,3,0.625,0.5,1,1,0,1,1,2,2,2,2,4,2,3,2,3,0,2,3,1,3,3,2,1,1,2
"348","M",1,2,10,2,9,1,2,0.99288,1,1,3,5,4,5,1,-1,1,2,3,0.5,0.75,1,1,1,1,0,2,2,2,2,4,2,3,2,3,0,2,2,3,3,3,1,2,1,4
"349","M",1,1,8,1,1,2,1,0.36464,0,0,1,3,2,1,1,0,-1,1,1,0.625,0.25,0.75,1,1,1,1,1,1,1,1,3,1,1,1,2,0,1,1,1,2,2,2,1,1,2
"350","F",1,2,12,2,9,1,9,1.7377,1,1,3,4,4,5,1,1,1,2,5,0.75,0.75,1,0,1,0,0,2,2,2,2,4,2,3,2,3,0,NA,2,1,3,3,1,2,1,4
"351","M",1,1,9,1,1,2,2,0.36464,0,0,1,3,3,2,-1,-1,-1,2,-1,0.25,0.25,1,1,1,1,1,1,1,1,1,3,1,1,1,1,1,2,1,1,2,1,2,1,2,1
"352","F",2,9,9,1,1,9,2,0.80748,0,0,2,3,3,3,-1,0,-1,1,-1,0.375,0.25,0.75,1,0,1,0,1,1,1,1,4,1,1,3,1,1,2,1,NA,2,1,2,1,1,2
"353","M",1,1,5,1,1,2,2,0.31728,0,0,1,2,3,2,1,-1,-1,2,1,0.5,0.25,1,1,1,1,1,1,1,1,1,3,1,1,1,1,1,2,1,1,2,2,3,2,3,NA
"354","F",2,2,10,2,9,1,1,0.28926,1,1,3,5,5,5,-1,-1,1,2,1,0.25,0.75,1,1,0,1,1,2,2,2,2,5,2,3,2,3,0,1,1,2,3,3,1,2,3,4
"355","F",1,2,12,2,9,1,1,1.10387,1,1,2,4,3,3,0,2,2,2,6,0.75,1,1,0,1,0,0,2,2,2,2,5,2,3,2,3,0,1,NA,1,3,3,2,3,1,2
"356","F",2,1,1,1,2,2,2,0.32783,0,0,1,1,2,1,-2,-1,0,-1,-4,0.125,0.5,0.25,1,0,1,1,1,1,1,1,3,1,2,1,1,1,2,1,1,2,1,2,1,2,1
"357","F",2,9,9,1,1,9,2,4.19729,0,0,2,3,3,3,1,0,0,-1,0,0.625,0.5,0.25,0,0,0,0,1,1,1,1,5,1,1,3,1,1,2,1,2,2,1,2,1,2,1
"358","F",2,2,10,1,1,2,2,0.29655,1,1,2,5,3,3,0,0,1,2,3,0.5,0.75,1,1,0,1,1,1,1,1,1,3,1,1,1,1,1,2,2,2,2,3,2,1,1,2
"359","F",2,2,10,2,1,1,3,0.90521,1,1,3,5,4,5,1,-1,1,2,3,0.5,0.75,1,1,0,1,0,2,2,2,2,5,2,1,2,3,0,3,NA,2,3,3,1,1,1,3
"360","F",2,1,2,1,1,2,3,1.01831,0,0,1,1,2,1,0,0,-1,0,-1,0.5,0.25,0.5,0,0,1,1,1,1,1,1,5,1,1,1,1,1,3,1,1,2,2,3,3,2,NA
"361","F",2,1,8,1,2,2,2,5.08774,0,0,1,3,2,1,-2,-2,0,0,-4,0,0.5,0.5,0,0,0,0,3,3,1,3,1,1,2,1,1,0,2,1,NA,2,2,2,1,2,1
"362","M",1,1,5,1,1,2,2,2.32987,0,0,1,2,2,1,0,0,0,0,0,0.5,0.5,0.5,0,1,0,1,1,1,1,1,3,1,1,1,1,1,2,1,1,2,1,2,1,2,1
"363","F",2,2,10,2,2,1,1,0.78763,1,1,3,5,3,4,1,1,0,2,4,0.75,0.5,1,1,0,1,0,2,2,2,2,5,2,2,2,3,0,1,2,2,3,3,2,1,1,2
"364","M",1,9,6,1,1,9,2,0.50953,0,0,2,2,3,3,2,0,1,2,5,0.75,0.75,1,1,1,1,1,4,1,1,4,1,1,1,3,4,0,2,2,1,2,3,1,2,3,4
"365","F",2,2,10,2,9,1,1,0.90521,1,1,3,5,5,5,0,2,2,2,6,0.75,1,1,1,0,1,0,2,2,2,2,5,2,3,2,3,0,1,2,2,3,3,1,2,1,4
"366","M",2,1,5,1,1,2,2,0.46454,0,0,1,2,1,1,-2,-1,-2,0,-5,0.125,0,0.5,1,0,1,1,1,1,1,1,3,1,1,1,1,1,2,1,1,2,1,1,3,2,NA
"367","M",2,1,4,1,1,2,2,0.4581,0,0,1,2,3,2,1,1,-1,1,2,0.75,0.25,0.75,1,0,1,1,1,1,1,1,3,1,1,1,1,1,2,1,2,1,1,2,1,2,1
"368","F",1,2,10,2,1,1,1,0.99288,1,1,3,5,4,5,0,-2,1,2,1,0.25,0.75,1,1,1,1,0,2,2,2,2,4,2,1,2,2,0,1,1,3,3,3,1,2,1,4
"369","M",2,1,2,1,1,2,1,1.00419,0,0,1,1,2,1,-1,0,0,-1,-2,0.375,0.5,0.25,0,0,1,1,1,1,1,1,3,1,1,1,1,1,1,1,1,1,2,2,1,2,1
"370","F",2,1,9,1,1,9,1,0.85871,0,0,3,3,4,5,-1,0,0,1,0,0.375,0.5,0.75,1,0,1,0,1,1,1,1,4,1,1,3,3,0,1,1,2,1,2,1,1,1,3
"371","F",2,1,9,1,1,9,1,0.33244,0,0,3,3,2,4,-1,-1,0,1,-1,0.25,0.5,0.75,1,0,1,1,1,1,1,1,5,1,1,3,1,1,1,1,1,2,1,2,1,2,1
"372","M",1,1,8,1,1,2,3,0.50953,0,0,3,3,3,4,0,-2,0,-2,-4,0.25,0.5,0,1,1,1,1,1,1,1,1,4,1,1,1,1,1,3,3,1,2,2,2,1,1,2
"373","M",2,2,10,2,9,1,1,0.57786,1,1,3,5,3,4,1,1,2,2,6,0.75,1,1,1,0,1,0,2,2,2,2,4,2,3,2,2,0,1,3,3,3,3,2,1,1,2
"374","F",2,2,12,1,1,1,2,0.46454,1,0,3,4,3,4,-2,0,0,2,0,0.25,0.5,1,1,0,1,1,1,1,1,1,2,1,1,2,2,0,2,1,2,3,3,2,1,1,2
"375","M",1,2,12,2,2,1,1,0.63383,1,1,3,4,5,5,2,1,2,0,5,0.875,1,0.5,1,1,1,0,2,2,2,2,4,2,2,2,3,0,1,2,3,3,3,3,1,1,NA
"376","M",1,2,10,2,1,9,2,0.86392,1,0,2,5,3,3,1,1,1,1,4,0.75,0.75,0.75,1,1,1,0,2,2,2,2,1,2,1,3,1,0,2,1,1,2,1,2,1,3,NA
"377","M",1,2,10,2,9,1,1,0.32527,1,1,3,5,4,5,-1,-1,0,-2,-4,0.25,0.5,0,1,1,1,1,2,2,2,2,5,2,3,2,3,0,1,1,1,2,3,1,1,1,3
"378","F",1,2,12,2,9,1,1,0.71054,1,1,3,4,4,5,1,1,1,2,5,0.75,0.75,1,1,1,1,0,2,2,2,2,5,2,3,2,2,0,1,2,2,3,3,1,2,1,4
"379","M",1,2,12,2,9,1,1,0.71054,1,1,3,4,4,5,1,1,1,2,5,0.75,0.75,1,1,1,1,0,2,2,2,2,5,2,3,2,2,0,1,1,2,3,3,1,2,1,4
"380","F",2,1,4,1,1,2,2,0.4042,0,0,1,2,2,1,-1,1,-1,1,0,0.5,0.25,0.75,1,0,1,1,1,1,1,1,3,1,1,1,1,1,2,1,1,2,1,2,1,2,1
"381","F",1,2,10,9,9,9,2,5.4221,1,0,3,5,3,4,2,2,-1,1,4,1,0.25,0.75,0,1,1,0,2,2,2,2,5,3,3,3,4,0,2,1,2,3,2,2,1,1,2
"382","F",2,1,8,1,1,2,2,0.33244,0,0,2,3,3,3,2,0,1,2,5,0.75,0.75,1,1,0,1,1,1,1,1,1,3,1,1,1,1,1,2,1,1,2,1,2,1,2,1
"383","M",1,2,10,9,9,9,3,0.61825,1,0,3,5,4,5,2,1,1,-2,2,0.875,0.75,0,1,1,1,0,2,2,2,2,5,3,3,3,3,0,3,2,1,2,1,2,3,3,NA
"384","M",1,2,12,2,9,1,1,0.71054,1,1,3,4,4,5,-1,-1,0,2,0,0.25,0.5,1,1,1,1,0,2,2,2,2,5,2,3,2,2,0,1,1,1,2,3,1,2,1,4
"385","M",1,1,5,1,2,2,2,0.61763,0,0,1,2,3,2,-1,1,-1,1,0,0.5,0.25,0.75,1,1,1,1,3,3,1,3,1,1,2,1,1,0,2,1,1,2,1,2,1,2,1
"386","M",1,1,1,1,2,2,2,2.48214,0,0,1,1,1,1,1,1,0,-1,1,0.75,0.5,0.25,0,1,1,1,3,3,1,3,1,1,2,1,1,0,2,1,2,2,1,2,1,2,1
"387","F",2,1,1,1,1,2,2,0.33244,0,0,1,1,1,1,-2,-2,-2,2,-4,0,0,1,1,0,1,1,1,1,1,1,3,1,1,1,1,1,2,1,2,3,1,2,1,2,1
"388","M",1,1,8,1,1,2,2,0.45452,0,0,3,3,4,5,-1,-2,0,1,-2,0.125,0.5,0.75,1,1,1,1,1,1,1,1,3,1,1,1,2,0,2,1,1,2,1,2,2,1,2
"389","F",2,1,7,1,1,2,3,0.46454,0,0,2,3,4,3,-1,-1,-1,2,-1,0.25,0.25,1,1,0,1,1,1,1,1,1,3,1,1,1,1,1,3,1,1,2,1,2,1,2,1
"390","F",2,2,12,2,9,1,1,0.6478,1,1,3,4,4,5,-1,0,2,2,3,0.375,1,1,1,0,1,0,2,2,2,2,5,2,3,2,3,0,1,1,1,2,3,2,1,1,2
"391","M",1,2,10,2,9,1,2,1.11694,1,1,3,5,4,5,-1,-2,1,2,0,0.125,0.75,1,0,1,1,1,2,2,2,2,4,2,3,2,2,0,2,2,1,2,1,2,1,2,1
"392","F",1,2,10,2,1,1,1,0.61825,1,1,3,5,4,5,-1,-1,2,2,2,0.25,1,1,1,1,1,0,2,2,2,2,5,2,1,2,2,0,1,2,1,3,3,1,2,1,4
"393","M",1,1,1,1,2,2,3,6.57239,0,0,1,1,1,1,-2,-1,-1,-1,-5,0.125,0.25,0.25,0,1,1,0,1,1,1,1,5,1,2,1,1,1,3,1,1,2,1,2,1,2,1
"394","F",2,9,1,1,1,2,1,1.01831,0,0,2,1,3,3,0,1,1,0,2,0.625,0.75,0.5,0,0,1,1,1,1,1,1,5,1,1,1,1,1,1,2,2,2,1,2,1,1,2
"395","F",2,2,10,2,9,1,1,0.78523,1,1,3,5,5,5,1,1,1,2,5,0.75,0.75,1,1,0,1,0,2,2,2,2,4,2,3,2,3,0,1,3,3,3,3,1,2,1,4
"396","F",2,2,12,2,1,1,2,0.88605,1,1,3,4,4,5,-1,0,2,2,3,0.375,1,1,0,0,1,1,2,2,2,2,4,2,1,2,2,0,2,2,2,3,3,1,1,2,3
"397","F",2,9,9,1,9,9,2,0.85871,0,0,3,3,3,4,1,0,1,2,4,0.625,0.75,1,1,0,1,0,1,1,1,1,5,1,3,3,1,1,2,1,3,2,1,2,1,2,1
"398","F",1,1,8,1,1,9,1,0.32527,0,0,3,3,4,5,0,1,1,1,3,0.625,0.75,0.75,1,1,1,1,1,1,1,1,5,1,1,3,1,1,1,3,1,2,1,2,1,1,2
"399","F",1,2,1,9,2,2,2,0.71054,1,1,2,1,1,3,1,0,0,0,1,0.625,0.5,0.5,1,1,1,0,3,3,5,3,5,3,2,1,1,0,2,1,1,3,2,2,1,1,2
"400","M",1,1,8,1,1,2,2,0.61825,0,0,3,3,4,5,-1,1,1,2,3,0.5,0.75,1,1,1,1,0,1,1,1,1,3,1,1,1,1,1,2,1,1,2,1,2,1,2,1
"401","F",1,9,1,1,2,2,1,0.32527,0,0,2,1,1,3,1,1,1,0,3,0.75,0.75,0.5,1,1,1,1,3,3,5,3,5,1,2,1,1,0,1,1,2,2,1,2,1,2,1
"402","M",1,1,9,1,1,2,2,0.86128,0,0,1,3,2,1,-1,1,-1,1,0,0.5,0.25,0.75,1,1,1,0,1,1,1,1,3,1,1,1,1,1,2,3,1,2,1,2,1,2,1
"403","M",1,2,10,2,9,1,1,0.36464,1,1,3,5,4,5,2,0,2,2,6,0.75,1,1,1,1,1,1,2,2,2,2,4,2,3,2,3,0,1,3,3,3,3,3,1,3,NA
"404","M",1,1,9,1,1,2,2,0.99288,0,0,2,3,3,3,0,1,-1,1,1,0.625,0.25,0.75,1,1,1,0,1,1,1,1,3,1,1,1,1,1,2,1,2,2,1,2,1,2,1
"405","M",1,2,10,2,1,1,3,0.45452,1,1,3,5,4,5,1,1,-1,1,2,0.75,0.25,0.75,1,1,1,1,2,2,2,2,1,2,1,2,3,0,3,2,2,3,3,1,2,1,4
"406","M",1,2,12,2,9,1,3,2.17648,1,1,3,4,5,5,2,-1,0,2,3,0.625,0.5,1,0,1,1,0,2,2,2,2,5,2,3,2,2,0,3,3,1,3,3,1,2,1,4
"407","M",1,1,1,1,2,2,2,1.11694,0,0,1,1,1,1,1,-1,-2,0,-2,0.5,0,0.5,0,1,1,1,3,3,1,3,1,1,2,1,1,0,2,1,2,2,2,1,2,2,4
"408","M",1,2,10,2,1,1,2,0.36464,1,1,3,5,4,5,-1,-1,1,2,1,0.25,0.75,1,1,1,1,1,2,2,2,2,4,2,1,2,3,0,2,1,1,3,3,1,2,1,4
"409","M",2,1,2,1,1,2,2,0.90521,0,0,1,1,1,1,2,2,-1,0,3,1,0.25,0.5,1,0,1,0,3,3,1,3,1,1,1,1,1,0,2,1,1,2,1,2,1,2,1
"410","F",2,2,12,2,1,1,2,0.6478,1,1,3,4,3,4,2,2,2,2,8,1,1,1,1,0,1,0,2,2,2,2,5,2,1,2,2,0,2,NA,3,2,2,2,1,2,1
"411","M",2,2,12,2,1,1,2,0.90521,1,1,3,4,4,5,1,1,2,2,6,0.75,1,1,1,0,1,0,2,2,2,2,4,2,1,2,2,0,2,1,3,3,3,2,1,1,2
"412","M",2,1,9,1,1,2,2,1.62401,0,0,2,3,3,3,0,0,0,2,2,0.5,0.5,1,0,0,0,1,1,1,1,1,3,1,1,1,1,1,2,1,1,2,1,2,1,3,NA
"413","M",2,1,2,1,1,2,2,0.46454,0,0,2,1,3,3,1,0,2,1,4,0.625,1,0.75,1,0,1,1,1,1,1,1,3,1,1,1,1,1,2,1,1,1,1,2,1,2,1
"414","F",2,1,9,1,1,9,1,0.6478,0,0,3,3,3,4,0,0,0,2,2,0.5,0.5,1,1,0,1,0,1,1,1,1,5,1,1,3,1,1,1,1,1,2,2,2,2,2,1
"415","M",2,1,9,1,1,2,2,0.966,0,0,1,3,3,2,-2,-1,0,0,-3,0.125,0.5,0.5,0,0,1,1,1,1,1,1,3,1,1,1,1,1,2,1,1,2,1,2,1,2,1
"416","F",2,1,9,1,1,2,2,0.90521,0,0,2,3,3,3,2,2,-1,2,5,1,0.25,1,1,0,1,0,1,1,1,1,3,1,1,1,1,1,2,1,1,2,1,2,1,1,2
"417","M",1,2,12,2,9,1,1,0.71054,1,1,3,4,5,5,-2,-2,1,2,-1,0,0.75,1,1,1,1,0,2,2,2,2,4,2,3,2,2,0,1,1,1,2,3,1,2,1,4
"418","F",2,2,10,2,2,1,2,0.61452,1,1,3,5,4,5,2,2,2,2,8,1,1,1,1,0,1,0,2,2,2,2,4,2,2,2,3,0,2,3,3,3,3,1,2,1,4
"419","M",1,1,8,1,1,2,3,1.4125,0,0,1,3,4,2,0,0,-2,2,0,0.5,0,1,1,1,0,0,1,1,1,1,3,1,1,1,1,1,3,1,1,2,1,2,1,2,1
"420","F",1,2,12,2,1,1,1,0.86392,1,1,3,4,4,5,-1,-1,1,1,0,0.25,0.75,0.75,1,1,1,0,2,2,2,2,5,2,1,2,2,0,1,1,1,3,3,1,2,1,4
"421","F",1,2,12,2,9,1,9,0.56649,1,1,3,4,3,4,-1,1,2,-2,0,0.5,1,0,0,1,0,1,2,2,2,2,4,2,3,2,2,0,NA,3,2,3,3,1,2,1,4
"422","M",2,1,5,1,1,2,9,0.28926,0,0,1,2,2,1,-2,-1,-1,1,-3,0.125,0.25,0.75,1,0,1,1,1,1,1,1,3,1,1,1,1,1,NA,1,1,2,1,2,1,2,1
"423","M",1,2,10,2,9,1,2,0.97187,1,1,3,5,3,4,1,2,0,2,5,0.875,0.5,1,0,1,1,1,2,2,2,2,4,2,3,2,3,0,2,NA,1,3,3,1,2,1,4
"424","F",2,2,10,2,2,1,2,0.41439,1,1,3,5,4,5,2,1,0,2,5,0.875,0.5,1,1,0,1,1,2,2,2,2,4,2,2,2,3,0,2,3,1,3,3,1,2,1,4
"425","F",2,1,5,1,2,2,3,0.33244,0,0,1,2,1,1,2,-1,0,0,1,0.625,0.5,0.5,1,0,1,1,1,1,1,1,3,1,2,1,1,1,3,1,1,2,2,2,1,2,1
"426","M",1,1,9,1,1,2,3,0.97187,0,0,2,3,3,3,1,0,-1,0,0,0.625,0.25,0.5,0,1,1,1,1,1,1,1,3,1,1,1,1,1,3,1,1,2,1,2,1,2,1
"427","M",2,1,5,1,1,2,3,0.90521,0,0,1,2,3,2,-1,-1,0,1,-1,0.25,0.5,0.75,1,0,1,0,1,1,1,1,3,1,1,1,1,1,3,3,1,2,1,2,1,2,1
"428","F",2,1,9,1,1,2,2,0.45475,0,0,2,3,3,3,1,0,0,1,2,0.625,0.5,0.75,0,0,1,1,1,1,1,1,3,1,1,1,1,1,2,1,1,2,2,2,3,2,1
"429","F",2,1,1,1,2,2,2,2.53685,0,0,1,1,2,1,1,2,1,-2,2,0.875,0.75,0,0,0,1,1,3,3,1,3,1,1,2,1,3,0,2,1,1,2,2,2,1,2,1
"430","F",1,1,5,1,1,2,9,0.442,0,0,1,2,3,2,1,0,0,1,2,0.625,0.5,0.75,1,1,1,1,1,1,1,1,5,1,1,1,1,1,NA,1,2,2,2,2,3,2,1
"431","F",1,2,12,2,9,1,1,1.20352,1,1,3,4,4,5,2,-1,1,2,4,0.625,0.75,1,1,1,1,0,2,2,2,2,5,2,3,2,1,0,1,1,1,3,3,2,1,1,2
"432","M",1,1,5,1,2,2,2,1.11694,0,0,1,2,3,2,-1,-1,-1,1,-2,0.25,0.25,0.75,0,1,1,1,1,1,1,1,3,1,2,1,1,1,2,1,2,2,1,2,3,2,1
"433","F",2,1,1,1,2,2,2,1.01831,0,0,1,1,2,1,2,1,-1,2,4,0.875,0.25,1,0,0,1,1,3,3,1,3,1,1,2,1,1,0,2,1,1,2,1,2,1,2,1
"434","M",1,1,9,1,2,2,3,0.36464,0,0,1,3,3,2,-1,-1,-2,1,-3,0.25,0,0.75,1,1,1,1,1,1,1,1,3,1,2,1,1,1,3,1,1,2,1,2,1,2,1
"435","M",1,2,10,2,2,1,2,0.36464,1,1,2,5,3,3,2,1,1,1,5,0.875,0.75,0.75,1,1,1,1,2,2,2,2,4,2,2,2,3,0,2,3,3,3,3,1,2,1,4
"436","M",1,9,9,1,1,9,1,0.61763,0,0,2,3,3,3,-1,1,2,2,4,0.5,1,1,1,1,1,1,1,1,1,1,5,1,1,3,1,1,1,1,3,2,1,2,1,2,1
"437","M",1,2,12,2,1,1,2,0.44335,1,1,1,4,2,1,1,1,1,1,4,0.75,0.75,0.75,1,1,1,1,2,2,2,2,4,2,1,2,3,0,2,3,2,3,2,1,2,1,4
"438","F",2,2,12,2,9,1,2,0.85871,1,1,3,4,3,4,1,1,0,1,3,0.75,0.5,0.75,1,0,1,0,2,2,2,2,4,2,3,2,2,0,2,2,2,3,3,1,1,1,3
"439","F",2,1,7,1,2,2,9,0.44068,0,0,3,3,4,5,0,0,0,0,0,0.5,0.5,0.5,1,0,1,1,1,1,1,1,3,1,2,1,1,1,NA,NA,NA,1,2,2,3,3,NA
"440","F",1,2,12,2,9,1,2,2.78255,1,1,3,4,4,5,-1,2,1,2,4,0.625,0.75,1,0,1,1,1,2,2,2,2,4,2,3,2,3,0,2,2,1,3,2,3,3,2,NA
"441","F",1,1,5,1,1,2,1,1.20352,0,0,1,2,3,2,-1,0,-1,1,-1,0.375,0.25,0.75,1,1,1,0,1,1,1,1,3,1,1,1,1,1,1,1,3,2,1,2,3,3,NA
"442","M",1,9,9,1,1,9,3,0.71054,0,0,3,3,3,4,0,0,1,2,3,0.5,0.75,1,1,1,1,0,1,1,1,1,3,1,1,3,3,0,3,3,2,2,1,2,1,2,1
"443","F",2,9,4,1,1,2,1,1.44363,0,0,2,2,2,3,1,1,0,1,3,0.75,0.5,0.75,1,0,0,0,1,1,1,1,3,1,1,1,1,1,1,1,1,3,1,2,1,1,2
"444","M",5,2,12,2,9,1,3,0.77391,1,1,3,4,3,4,0,1,2,2,5,0.625,1,1,0,0,0,0,2,2,2,2,5,2,3,2,2,0,3,NA,1,3,3,1,1,1,3
"445","F",2,1,1,1,2,2,2,0.31537,0,0,1,1,1,1,-1,0,-1,2,0,0.375,0.25,1,1,0,1,1,3,3,1,3,1,1,2,1,1,0,2,NA,1,2,2,2,1,2,1
"446","F",2,1,1,1,1,2,3,1.98429,0,0,1,1,1,1,-1,0,-1,0,-2,0.375,0.25,0.5,0,0,1,0,1,1,1,1,3,1,1,1,1,1,3,1,2,2,1,1,1,2,3
"447","M",1,1,1,1,1,2,2,1.00281,0,0,2,1,3,3,-1,-1,-1,1,-2,0.25,0.25,0.75,1,1,0,0,1,1,1,1,3,1,1,1,1,1,2,1,1,2,1,2,1,2,1
"448","F",2,1,9,1,1,2,3,0.6478,0,0,3,3,3,4,1,1,0,-2,0,0.75,0.5,0,1,0,1,0,1,1,1,1,5,1,1,1,1,1,3,1,1,2,1,2,1,2,1
"449","M",1,2,12,2,1,1,3,2.79373,1,1,2,4,2,3,2,1,2,2,7,0.875,1,1,0,1,0,0,2,2,2,2,5,2,1,2,3,0,3,2,1,3,3,1,2,1,4
"450","F",2,1,5,1,1,2,2,0.31537,0,0,1,2,2,1,0,-1,0,1,0,0.375,0.5,0.75,1,0,1,1,1,1,1,1,3,1,1,1,1,1,2,1,1,2,1,2,1,2,1
"451","F",2,1,5,1,1,2,2,0.33244,0,0,1,2,2,1,-1,-1,-1,2,-1,0.25,0.25,1,1,0,1,1,1,1,1,1,3,1,1,1,1,1,2,1,2,2,2,1,1,2,3
"452","F",1,2,10,2,1,1,2,0.36464,1,1,3,5,5,5,1,-2,1,2,2,0.375,0.75,1,1,1,1,1,2,2,2,2,4,2,1,2,2,0,2,2,3,3,3,1,2,3,4
"453","F",2,2,10,2,9,1,1,0.41439,1,1,3,5,4,5,2,2,0,1,5,1,0.5,0.75,1,0,1,1,2,2,2,2,4,2,3,2,2,0,1,1,3,3,3,1,1,1,3
"454","M",2,2,10,1,1,9,1,1.66605,1,1,3,5,3,4,0,1,1,1,3,0.625,0.75,0.75,1,0,0,0,1,1,1,1,5,1,1,3,2,0,1,2,2,1,2,1,3,3,NA
"455","F",2,2,12,2,9,1,2,1.23434,1,1,3,4,5,5,2,1,0,1,4,0.875,0.5,0.75,0,0,1,1,2,2,2,2,4,2,3,2,2,0,2,3,3,3,3,1,1,1,3
"456","M",1,1,7,1,1,9,2,0.50953,0,0,2,3,3,3,-2,-2,2,2,0,0,1,1,1,1,1,1,1,1,1,1,5,1,1,3,1,1,2,1,1,2,1,2,1,2,1
"457","F",2,2,12,2,1,1,2,0.90521,1,1,3,4,5,5,0,0,0,1,1,0.5,0.5,0.75,1,0,1,0,2,2,2,2,4,2,1,2,3,0,2,NA,2,3,3,1,1,1,3
"458","F",2,1,1,1,9,2,3,0.99338,0,0,2,1,3,3,-1,-1,-1,1,-2,0.25,0.25,0.75,0,0,1,0,1,1,1,1,3,1,3,1,1,1,3,1,1,2,1,2,1,2,1
"459","M",2,2,10,2,9,1,9,7.88366,1,1,3,5,4,5,-2,-1,0,2,-1,0.125,0.5,1,0,0,0,0,2,2,2,2,5,2,3,2,3,0,NA,1,2,2,2,3,3,2,NA
"460","M",1,2,10,2,1,1,2,0.442,1,1,3,5,4,5,1,1,2,2,6,0.75,1,1,1,1,1,1,2,2,2,2,1,2,1,2,3,0,2,2,1,2,2,2,3,2,1
"461","F",2,9,9,1,1,9,2,0.85871,0,0,3,3,3,4,-1,-1,0,1,-1,0.25,0.5,0.75,1,0,1,0,1,1,1,1,5,1,1,3,1,1,2,1,1,2,3,2,1,1,2
"462","F",1,1,1,1,1,2,3,0.442,0,0,1,1,1,1,-2,-2,-2,1,-5,0,0,0.75,1,1,1,1,1,1,1,1,5,1,1,1,1,1,3,1,1,3,1,2,2,2,1
"463","F",2,2,10,2,9,1,1,0.69345,1,1,3,5,5,5,2,1,2,2,7,0.875,1,1,1,0,0,1,2,2,2,2,4,2,3,2,3,0,1,3,3,3,3,3,3,3,NA
"464","M",2,1,1,1,1,2,2,0.61452,0,0,1,1,3,2,2,1,-1,2,4,0.875,0.25,1,1,0,1,0,1,1,1,1,3,1,1,1,1,1,2,1,1,2,3,1,1,2,3
"465","M",1,1,5,1,1,2,9,0.81261,0,0,1,2,3,2,0,-1,0,1,0,0.375,0.5,0.75,1,1,0,1,3,3,5,3,5,1,1,1,1,0,NA,2,2,1,2,3,3,3,NA
"466","F",2,1,2,1,1,2,2,1.01831,0,0,1,1,1,1,-1,-1,-2,0,-4,0.25,0,0.5,0,0,1,1,1,1,1,1,3,1,1,1,1,1,2,1,1,2,1,2,1,2,1
"467","M",1,1,5,1,1,2,3,0.71054,0,0,1,2,2,1,-1,-2,-1,2,-2,0.125,0.25,1,1,1,1,0,1,1,1,1,3,1,1,1,1,1,3,1,1,2,1,2,1,2,1
"468","F",2,1,9,1,1,2,2,0.33244,0,0,3,3,4,5,1,-1,0,1,1,0.5,0.5,0.75,1,0,1,1,1,1,1,1,3,1,1,1,1,1,2,1,1,2,2,2,2,3,NA
"469","F",1,1,9,1,1,2,2,1.30777,0,0,1,3,3,2,0,-1,0,0,-1,0.375,0.5,0.5,1,1,0,0,1,1,1,1,3,1,1,1,1,1,2,1,2,2,2,3,1,3,NA
"470","F",2,2,12,2,1,1,1,1.95678,1,1,3,4,4,5,2,2,2,2,8,1,1,1,0,0,1,0,2,2,2,2,1,2,1,2,2,0,1,3,1,3,3,2,2,1,2
"471","F",2,1,5,1,2,2,2,0.29655,0,0,1,2,1,1,2,-2,-2,1,-1,0.5,0,0.75,1,0,1,1,3,3,1,3,1,1,2,1,1,0,2,1,1,2,1,2,1,2,1
"472","F",2,2,10,2,1,1,1,0.56366,1,1,3,5,5,5,-2,-2,-1,2,-3,0,0.25,1,1,0,1,0,2,2,2,2,4,2,1,2,1,0,1,1,1,1,1,1,1,1,3
"473","F",2,2,12,2,9,1,1,0.99338,1,1,3,4,4,5,1,-1,2,2,4,0.5,1,1,0,0,1,0,2,2,2,2,4,2,3,2,2,0,1,3,1,3,3,1,2,1,4
"474","M",2,1,5,1,1,2,3,0.46454,0,0,1,2,2,1,-1,-1,-1,1,-2,0.25,0.25,0.75,1,0,1,1,1,1,1,1,3,1,1,1,1,1,3,1,1,2,1,2,1,2,1
"475","F",2,1,1,1,1,2,2,0.78763,0,0,2,1,3,3,1,1,0,0,2,0.75,0.5,0.5,1,0,1,0,1,1,1,1,3,1,1,1,1,1,2,1,1,2,1,2,3,2,1
"476","M",1,2,10,2,9,9,1,0.99288,1,1,3,5,5,5,-1,-1,-1,2,-1,0.25,0.25,1,1,1,1,0,2,2,2,2,4,2,3,3,2,0,1,3,1,2,3,2,2,1,2
"477","M",1,1,9,1,1,2,2,0.70069,0,0,2,3,3,3,-2,1,-2,1,-2,0.375,0,0.75,1,1,1,0,1,1,1,1,3,1,1,1,1,1,2,1,1,2,1,2,1,2,1
"478","F",1,1,9,1,1,2,2,0.32527,0,0,3,3,3,4,0,0,0,2,2,0.5,0.5,1,1,1,1,1,1,1,1,1,3,1,1,1,1,1,2,1,1,2,1,2,1,2,1
"479","F",2,2,10,2,9,1,1,0.78763,1,1,3,5,3,4,1,2,1,2,6,0.875,0.75,1,1,0,1,0,2,2,2,2,5,2,3,2,3,0,1,2,2,1,2,2,3,1,2
"480","M",2,9,9,1,1,9,1,1.29988,0,0,1,3,3,2,0,0,-2,-2,-4,0.5,0,0,1,0,0,0,1,1,1,1,5,1,1,3,1,1,1,NA,NA,3,2,3,3,3,NA
"481","F",1,2,12,2,9,1,9,1.50298,1,1,3,4,4,5,1,-1,1,2,3,0.5,0.75,1,1,1,0,0,2,2,2,2,5,2,3,2,2,0,NA,1,NA,3,3,1,2,3,4
"482","M",2,2,12,2,1,1,2,0.33244,1,1,2,4,4,3,1,1,2,2,6,0.75,1,1,1,0,1,1,2,2,2,2,4,2,1,2,2,0,2,2,1,2,3,1,1,1,3
"483","F",2,2,9,1,1,2,2,0.33244,1,1,3,3,3,4,2,-1,0,2,3,0.625,0.5,1,1,0,1,1,1,1,1,1,4,1,1,1,1,1,2,1,1,1,3,2,1,2,1
"484","F",2,2,10,2,2,1,2,0.46454,1,0,3,5,3,4,-1,-1,0,2,0,0.25,0.5,1,1,0,1,1,2,2,2,2,4,2,2,2,2,0,2,1,1,2,1,2,1,1,2
"485","F",2,2,10,2,9,1,1,0.78763,1,1,3,5,5,5,-1,0,1,2,2,0.375,0.75,1,1,0,1,0,2,2,2,2,5,2,3,2,2,0,1,2,1,3,3,1,2,1,4
"486","F",1,2,12,2,1,1,2,2.42114,1,1,3,4,5,5,0,-1,0,1,0,0.375,0.5,0.75,0,1,1,1,2,2,2,2,5,2,1,2,3,0,2,1,1,3,3,1,2,1,4
"487","M",1,2,10,2,9,1,1,1.7377,1,1,3,5,4,5,1,0,1,1,3,0.625,0.75,0.75,0,1,0,0,2,2,2,2,5,2,3,2,3,0,1,3,1,3,3,1,1,1,3
"488","F",2,1,5,1,2,2,2,0.46454,0,0,1,2,3,2,-2,-1,-1,2,-2,0.125,0.25,1,1,0,1,1,3,3,1,3,1,1,2,1,1,0,2,1,1,2,1,2,1,2,1
"489","M",1,2,12,2,9,1,1,0.94807,1,1,3,4,4,5,-1,-1,1,2,1,0.25,0.75,1,0,1,1,0,2,2,2,2,5,2,3,2,3,0,1,3,1,3,2,2,1,1,2
"490","F",1,2,12,2,9,1,1,0.32527,1,1,3,4,4,5,0,0,0,2,2,0.5,0.5,1,1,1,1,1,2,2,2,2,5,2,3,2,2,0,1,2,NA,3,3,3,1,1,NA
"491","F",2,1,1,1,1,2,3,0.85871,0,0,1,1,3,2,-1,-1,-1,1,-2,0.25,0.25,0.75,1,0,1,0,1,1,1,1,3,1,1,1,1,1,3,1,1,2,1,2,1,2,1
"492","F",2,2,12,2,9,1,1,0.40297,1,1,3,4,4,5,1,0,0,2,3,0.625,0.5,1,1,0,1,1,2,2,2,2,5,2,3,2,3,0,1,2,1,3,3,1,3,3,NA
"493","M",1,2,10,2,9,1,1,0.99288,1,1,3,5,3,4,0,0,0,2,2,0.5,0.5,1,1,1,1,0,2,2,2,2,4,2,3,2,3,0,1,1,1,2,3,2,3,1,2
"494","F",2,1,9,1,1,2,2,1.54059,0,0,2,3,3,3,1,1,-1,1,2,0.75,0.25,0.75,0,0,0,1,1,1,1,1,3,1,1,1,1,1,2,1,2,2,1,2,1,2,1
"495","M",1,2,12,2,9,1,1,0.50953,1,1,3,4,4,5,2,1,1,1,5,0.875,0.75,0.75,1,1,1,1,2,2,2,2,5,2,3,2,3,0,1,2,2,3,3,2,1,3,NA
"496","F",2,9,9,1,1,9,1,2.32096,0,0,1,3,3,2,0,2,2,2,6,0.75,1,1,1,0,0,0,1,1,1,1,5,1,1,3,1,1,1,2,2,2,1,2,1,1,2
"497","M",1,2,12,2,9,1,1,0.7049,1,1,2,4,3,3,2,2,2,2,8,1,1,1,1,1,0,1,2,2,2,2,4,2,3,2,2,0,1,3,1,3,3,1,2,2,4
"498","M",1,2,12,2,9,1,1,0.88569,1,1,3,4,4,5,1,-1,2,1,3,0.5,1,0.75,1,1,1,0,2,2,2,2,4,2,3,2,3,0,1,3,3,3,3,1,2,1,4
"499","F",2,2,10,2,1,1,2,0.90521,1,0,3,5,4,5,-2,-2,0,2,-2,0,0.5,1,1,0,1,0,2,2,2,2,4,2,1,2,2,0,2,1,1,3,3,2,1,2,1
"500","M",1,1,9,1,1,2,2,0.442,0,0,1,3,2,1,-1,-1,-1,1,-2,0.25,0.25,0.75,1,1,1,1,1,1,1,1,3,1,1,1,1,1,2,1,1,2,1,2,1,2,1
"501","F",2,2,12,2,9,1,2,0.41439,1,1,3,4,5,5,2,-1,1,2,4,0.625,0.75,1,1,0,1,1,2,2,2,2,4,2,3,2,2,0,2,2,1,3,3,1,2,1,4
"502","M",1,1,9,1,1,2,3,2.42114,0,0,2,3,3,3,0,0,-2,1,-1,0.5,0,0.75,0,1,1,1,1,1,1,1,3,1,1,1,1,1,3,1,2,2,1,2,1,2,1
"503","F",1,2,12,2,2,1,2,0.50953,1,1,3,4,4,5,-1,-1,2,2,2,0.25,1,1,1,1,1,1,2,2,2,2,4,2,2,2,2,0,2,2,3,3,3,1,2,1,4
"504","F",2,1,9,1,1,2,1,0.4581,0,0,1,3,3,2,-1,-2,-1,2,-2,0.125,0.25,1,1,0,1,1,1,1,1,1,5,1,1,1,1,1,1,1,1,3,2,2,1,1,2
"505","M",5,2,7,2,2,2,2,0.98193,1,1,1,3,3,2,-2,-2,2,2,0,0,1,1,0,0,0,0,4,3,2,4,3,2,2,1,4,0,2,2,1,2,3,1,2,3,4
"506","F",1,2,10,2,9,1,3,2.17648,1,1,3,5,4,5,1,0,1,2,4,0.625,0.75,1,0,1,1,0,2,2,2,2,4,2,3,2,3,0,3,1,1,3,3,1,1,1,3
"507","F",4,9,3,2,1,2,1,0.59586,0,0,2,2,5,3,-2,1,1,1,1,0.375,0.75,0.75,0,0,0,0,3,3,1,3,4,2,1,1,2,0,1,2,2,2,3,2,2,1,2
"508","F",2,2,12,2,1,1,2,0.78763,1,0,3,4,4,5,-1,-1,1,2,1,0.25,0.75,1,1,0,1,0,2,2,2,2,4,2,1,2,2,0,2,1,1,3,3,1,2,2,4
"509","F",2,2,10,2,9,1,2,0.63882,1,1,3,5,3,4,-1,-1,0,2,0,0.25,0.5,1,1,0,1,0,2,2,2,2,4,2,3,2,2,0,2,2,3,2,3,1,2,3,4
"510","F",1,1,1,1,2,2,2,0.36464,0,0,1,1,1,1,-1,-1,-1,1,-2,0.25,0.25,0.75,1,1,1,1,3,3,1,3,1,1,2,1,1,0,2,1,1,2,1,2,1,2,1
"511","M",1,2,12,2,2,1,3,1.11694,1,1,3,4,2,4,-1,-2,1,2,0,0.125,0.75,1,0,1,1,1,2,2,2,2,5,2,2,2,3,0,3,2,1,3,3,1,1,1,3
"512","F",2,9,2,2,2,1,1,0.57786,0,0,3,1,4,5,2,2,2,2,8,1,1,1,1,0,1,0,2,2,2,2,4,2,2,2,3,0,1,2,2,1,1,2,1,1,2
"513","F",1,1,1,1,2,2,3,2.42114,0,0,1,1,1,1,2,-2,-1,-1,-2,0.5,0.25,0.25,0,1,1,1,3,3,1,3,1,1,2,1,1,0,3,1,1,3,1,2,1,2,1
"514","M",1,2,12,2,1,1,2,0.36464,1,1,3,4,4,5,-1,1,-1,1,0,0.5,0.25,0.75,1,1,1,1,2,2,2,2,4,2,1,2,2,0,2,1,3,3,3,1,2,1,4
"515","F",2,1,1,1,1,2,3,0.4042,0,0,1,1,2,1,-2,1,-2,0,-3,0.375,0,0.5,1,0,1,1,3,3,1,3,1,1,1,1,1,0,3,1,1,2,1,2,1,2,1
"516","M",2,2,10,2,9,1,1,0.9053,1,1,3,5,5,5,1,1,2,2,6,0.75,1,1,1,0,1,0,2,2,2,2,5,2,3,2,3,0,1,2,1,3,3,2,3,1,2
"517","M",2,1,2,1,2,2,2,0.46454,0,0,1,1,1,1,-1,-1,-2,1,-3,0.25,0,0.75,1,0,1,1,3,3,5,3,5,1,2,1,1,0,2,1,3,2,1,2,1,2,1
"518","F",2,1,1,1,2,2,3,0.966,0,0,1,1,1,1,1,2,-2,0,1,0.875,0,0.5,0,0,1,1,3,3,1,3,1,1,2,1,1,0,3,1,1,2,1,3,1,2,NA
"519","M",1,1,4,1,2,2,2,0.61825,0,0,1,2,2,1,1,-1,0,1,1,0.5,0.5,0.75,1,1,1,0,3,3,1,3,1,1,2,1,1,0,2,1,1,2,3,1,1,1,3
"520","F",2,1,8,1,1,9,1,0.33244,0,0,2,3,3,3,1,2,0,2,5,0.875,0.5,1,1,0,1,1,1,1,1,1,5,1,1,3,1,1,1,1,1,2,3,2,1,1,2
"521","F",2,2,12,2,1,1,3,1.77007,1,1,3,4,4,5,0,0,2,2,4,0.5,1,1,0,0,1,0,2,2,2,2,5,2,1,2,2,0,3,2,2,2,3,2,3,1,2
"522","M",2,1,5,1,1,2,2,1.01831,0,0,1,2,3,2,0,-1,-2,0,-3,0.375,0,0.5,0,0,1,1,1,1,1,1,3,1,1,1,1,1,2,1,1,2,1,2,1,2,1
"523","M",1,1,5,1,1,2,2,0.76062,0,0,1,2,2,1,-1,-2,-2,1,-4,0.125,0,0.75,1,1,0,1,1,1,1,1,3,1,1,1,1,1,2,1,1,2,1,2,1,2,1
"524","M",2,1,4,1,1,2,2,0.40297,0,0,1,2,3,2,2,2,0,1,5,1,0.5,0.75,1,0,1,1,1,1,1,1,5,1,1,1,1,1,2,1,1,2,1,2,1,3,NA
"525","F",1,1,5,1,9,2,3,0.35959,0,0,1,2,2,1,-1,-1,-2,1,-3,0.25,0,0.75,1,1,1,1,1,1,1,1,3,1,3,1,1,1,3,1,1,2,1,2,2,2,1
"526","M",1,2,12,2,9,1,2,0.71054,1,0,3,4,3,4,1,1,1,2,5,0.75,0.75,1,1,1,1,0,2,2,2,2,5,2,3,2,2,0,2,1,1,3,3,1,1,1,3
"527","M",1,1,9,1,1,2,2,0.34591,0,0,2,3,2,3,-1,-1,2,2,2,0.25,1,1,1,1,1,1,1,1,1,1,3,1,1,1,1,1,2,3,2,2,1,2,1,1,2
"528","F",2,1,9,1,1,2,2,0.33244,0,0,1,3,3,2,-1,-1,-2,2,-2,0.25,0,1,1,0,1,1,1,1,1,1,3,1,1,1,1,1,2,1,2,2,1,2,1,2,1
"529","M",1,1,1,1,2,2,2,0.50953,0,0,1,1,1,1,0,0,-2,0,-2,0.5,0,0.5,1,1,1,1,3,3,1,3,1,1,2,1,1,0,2,1,1,2,1,2,1,2,1
"530","F",2,1,2,1,1,2,2,1.01831,0,0,1,1,2,1,-1,1,-1,0,-1,0.5,0.25,0.5,0,0,1,1,1,1,1,1,5,1,1,1,1,1,2,1,3,2,1,2,1,2,1
"531","F",2,1,2,1,1,2,3,0.56366,0,0,1,1,3,2,-1,-1,0,2,0,0.25,0.5,1,1,0,1,0,1,1,1,1,3,1,1,1,1,1,3,3,1,2,1,2,1,2,1
"532","F",2,1,9,1,1,2,2,1.01831,0,0,1,3,1,1,1,1,-2,-1,-1,0.75,0,0.25,0,0,1,1,1,1,1,1,5,1,1,1,1,1,2,1,2,2,1,2,1,2,1
"533","F",2,1,5,1,1,2,2,0.33244,0,0,1,2,1,1,1,0,-1,2,2,0.625,0.25,1,1,0,1,1,1,1,1,1,3,1,1,1,1,1,2,1,1,3,1,2,1,2,1
"534","F",2,1,9,1,1,2,1,0.88605,0,0,1,3,3,2,-2,-1,0,0,-3,0.125,0.5,0.5,0,0,1,1,1,1,1,1,3,1,1,1,1,1,1,1,1,2,1,2,3,2,1
"535","M",1,9,10,2,2,1,2,0.63383,0,1,3,5,5,5,2,2,2,2,8,1,1,1,1,1,1,0,2,2,2,2,4,2,2,2,2,0,2,3,1,2,2,2,1,3,NA
"536","M",1,2,12,2,1,1,3,0.97187,1,0,3,4,5,5,-1,0,1,1,1,0.375,0.75,0.75,0,1,1,1,2,2,2,2,4,2,1,2,2,0,3,1,2,3,3,1,2,3,4
"537","M",1,2,10,2,9,9,1,0.61825,1,1,3,5,5,5,1,0,2,2,5,0.625,1,1,1,1,1,0,2,2,2,2,5,2,3,3,3,0,1,NA,2,2,3,2,1,1,2
"538","F",2,1,1,1,1,2,2,0.80748,0,0,2,1,3,3,0,0,0,0,0,0.5,0.5,0.5,1,0,1,0,1,1,1,1,5,1,1,1,1,1,2,3,1,2,2,2,1,2,1
"539","F",2,1,5,1,1,2,2,0.33244,0,0,1,2,2,1,0,1,0,0,1,0.625,0.5,0.5,1,0,1,1,1,1,1,1,3,1,1,1,1,1,2,1,1,2,1,2,3,2,1
"540","F",1,2,12,2,9,1,1,0.67404,1,1,3,4,4,5,-2,-2,-2,1,-5,0,0,0.75,1,1,1,0,2,2,2,2,5,2,3,2,2,0,1,3,1,3,3,1,2,1,4
"541","M",2,1,9,1,1,2,2,1.23434,0,0,1,3,2,1,-1,-1,-2,0,-4,0.25,0,0.5,0,0,1,1,1,1,1,1,3,1,1,1,1,1,2,1,1,2,1,2,1,2,1
"542","M",1,2,11,2,1,1,1,0.50953,1,1,3,4,5,5,1,-1,1,2,3,0.5,0.75,1,1,1,1,1,2,2,2,2,4,2,1,2,2,0,1,1,1,3,3,2,1,1,2
"543","F",2,2,10,2,9,1,1,1.72656,1,1,3,5,5,5,-1,0,1,2,2,0.375,0.75,1,0,0,1,0,2,2,2,2,5,2,3,2,3,0,1,2,1,1,3,1,2,1,4
"544","F",2,1,1,1,2,2,2,0.90521,0,0,2,1,1,3,-1,-1,-1,0,-3,0.25,0.25,0.5,1,0,1,0,3,3,1,3,1,1,2,1,1,0,2,1,1,2,1,2,1,2,1
"545","F",2,2,10,2,9,1,2,0.46454,1,1,3,5,4,5,0,-1,0,1,0,0.375,0.5,0.75,1,0,1,1,2,2,2,2,5,2,3,2,3,0,2,3,2,3,3,1,2,1,4
"546","F",2,1,1,1,1,2,3,7.88366,0,0,1,1,2,1,-1,1,1,-2,-1,0.5,0.75,0,0,0,0,0,1,1,1,1,5,1,1,1,1,1,3,1,3,2,1,2,1,2,1
"547","M",1,2,12,2,1,1,1,0.36464,1,1,3,4,4,5,-1,-2,2,2,1,0.125,1,1,1,1,1,1,2,2,2,2,5,2,1,2,2,0,1,2,1,3,3,1,2,1,4
"548","F",2,1,1,1,1,2,2,0.56309,0,0,1,1,2,1,-1,1,-1,1,0,0.5,0.25,0.75,1,0,1,1,1,1,1,1,5,1,1,1,1,1,2,1,2,2,1,2,1,1,2
"549","M",1,2,12,1,1,9,1,1.3539,1,0,3,4,4,5,2,0,0,2,4,0.75,0.5,1,0,1,1,1,1,1,1,1,5,1,1,3,3,0,1,2,2,2,2,2,1,1,2
"550","F",1,9,1,1,2,9,3,4.71786,0,0,1,1,3,2,1,0,-2,-2,-3,0.625,0,0,0,1,1,0,5,5,5,5,5,1,2,3,4,0,3,1,2,2,2,2,1,2,1
"551","M",1,1,5,1,1,2,2,0.44335,0,0,1,2,3,2,-1,-1,-1,1,-2,0.25,0.25,0.75,1,1,1,1,1,1,1,1,3,1,1,1,1,1,2,3,1,2,1,2,1,2,1
"552","M",1,1,9,1,1,2,2,0.81261,0,0,3,3,3,4,-1,-1,-1,1,-2,0.25,0.25,0.75,1,1,0,1,1,1,1,1,3,1,1,1,1,1,2,1,1,2,1,2,1,2,1
"553","M",1,1,2,1,2,2,2,0.36464,0,0,1,1,2,1,-1,-1,0,1,-1,0.25,0.5,0.75,1,1,1,1,3,3,1,3,1,1,2,1,1,0,2,1,1,2,2,2,1,1,2
"554","F",2,1,9,1,1,9,2,0.33244,0,0,2,3,3,3,-1,0,0,2,1,0.375,0.5,1,1,0,1,1,1,1,1,1,5,1,1,3,1,1,2,1,1,2,2,2,1,2,1
"555","F",1,2,12,2,2,1,2,1.50212,1,1,2,4,4,3,2,1,2,2,7,0.875,1,1,1,1,0,0,2,2,2,2,4,2,2,2,2,0,2,2,1,3,3,2,1,1,2
"556","F",2,1,9,1,1,2,1,0.74085,0,0,2,3,3,3,-1,0,0,2,1,0.375,0.5,1,1,0,0,1,1,1,1,1,5,1,1,1,1,1,1,1,1,2,2,2,1,2,1
"557","M",1,2,6,1,1,1,2,0.99288,1,1,3,2,3,4,1,1,2,2,6,0.75,1,1,1,1,1,0,4,5,5,4,5,1,1,2,4,0,2,1,1,3,2,2,1,1,2
"558","M",2,2,7,2,1,1,1,0.28926,1,1,3,3,5,5,-1,-1,0,2,0,0.25,0.5,1,1,0,1,1,2,2,2,2,5,2,1,2,2,0,1,1,1,3,3,1,2,1,4
"559","F",1,2,10,2,1,1,3,0.36464,1,1,3,5,5,5,-2,1,2,2,3,0.375,1,1,1,1,1,1,2,2,2,2,1,2,1,2,2,0,3,2,1,3,3,1,2,1,4
"560","F",2,2,12,2,1,1,2,0.78763,1,0,3,4,3,4,-2,0,0,0,-2,0.25,0.5,0.5,1,0,1,0,2,2,2,2,1,2,1,2,2,0,2,1,1,2,2,2,1,2,1
"561","F",2,2,9,1,1,2,2,0.80748,1,0,2,3,3,3,-1,-1,-1,0,-3,0.25,0.25,0.5,1,0,1,0,1,1,1,1,4,1,1,1,1,1,2,1,1,2,1,2,1,1,2
"562","M",1,2,10,2,9,1,3,5.49314,1,1,2,5,3,3,2,1,-1,0,2,0.875,0.25,0.5,0,1,0,0,2,2,2,2,5,2,3,2,2,0,3,2,1,2,3,1,3,3,NA
"563","M",1,2,10,2,2,1,1,0.88569,1,1,3,5,5,5,1,2,1,2,6,0.875,0.75,1,1,1,1,0,2,2,2,2,1,2,2,2,3,0,1,2,2,2,3,2,2,1,2
"564","M",1,1,5,1,1,2,1,0.50953,0,0,1,2,2,1,-1,-1,0,1,-1,0.25,0.5,0.75,1,1,1,1,1,1,1,1,3,1,1,1,1,1,1,1,1,2,1,2,1,2,1
"565","F",2,2,7,2,2,1,3,0.56309,1,1,3,3,4,5,0,-2,-1,0,-3,0.25,0.25,0.5,1,0,1,1,2,2,2,2,4,2,2,2,2,0,3,1,1,3,3,2,1,1,2
"566","M",1,2,10,2,9,1,1,0.86392,1,1,2,5,4,3,2,2,0,2,6,1,0.5,1,1,1,1,0,2,2,2,2,5,2,3,2,3,0,1,NA,3,2,3,1,1,1,3
"567","M",2,1,1,1,2,2,3,1.87422,0,0,1,1,1,1,-1,2,2,-1,2,0.625,1,0.25,0,0,0,1,1,1,1,1,3,1,2,1,1,1,3,1,2,2,1,2,1,1,2
"568","M",5,2,10,2,9,1,2,0.21807,1,1,2,5,3,3,2,0,2,2,6,0.75,1,1,1,0,0,1,2,2,2,2,4,2,3,2,2,0,2,1,1,2,2,3,1,3,NA
"569","M",1,9,9,1,1,9,2,0.99288,0,0,2,3,3,3,-2,0,-2,0,-4,0.25,0,0.5,1,1,1,0,1,1,1,1,5,1,1,3,4,0,2,1,1,2,2,2,1,2,1
"570","F",2,1,8,1,2,2,3,0.61452,0,0,1,3,2,1,0,1,-2,1,0,0.625,0,0.75,1,0,1,0,1,1,1,1,3,1,2,1,1,1,3,1,1,2,1,2,1,2,1
"571","M",1,2,10,2,2,1,1,0.94188,1,1,3,5,4,5,-1,2,2,2,5,0.625,1,1,1,1,1,0,2,2,2,2,4,2,2,2,3,0,1,3,2,3,3,2,1,1,2
"572","F",2,2,9,1,1,9,1,0.56309,1,1,3,3,4,5,-1,-2,0,2,-1,0.125,0.5,1,1,0,1,1,1,1,1,1,5,1,1,3,1,1,1,1,1,2,2,2,1,2,1
"573","M",1,2,12,2,2,1,2,0.59326,1,1,2,4,3,3,-2,1,0,2,1,0.375,0.5,1,1,1,0,1,2,2,2,2,5,2,2,2,3,0,2,3,1,3,3,1,2,3,4
"574","F",2,1,5,1,2,2,2,1.72656,0,0,1,2,3,2,-1,-2,-2,-2,-7,0.125,0,0,0,0,1,0,3,3,1,3,1,1,2,1,1,0,2,1,1,2,1,2,2,2,1
"575","M",1,1,7,1,1,2,2,1.05957,0,0,3,3,4,5,1,1,-1,1,2,0.75,0.25,0.75,0,1,1,1,1,1,1,1,3,1,1,1,2,0,2,1,1,2,1,2,2,2,1
"576","M",1,2,12,2,2,1,2,1.58345,1,1,3,4,4,5,-1,0,2,1,2,0.375,1,0.75,1,1,0,0,2,2,2,2,4,2,2,2,2,0,2,2,1,3,3,1,2,1,4
"577","M",1,2,12,2,1,1,3,0.99288,1,1,3,4,5,5,-1,-1,2,2,2,0.25,1,1,1,1,1,0,2,2,2,2,4,2,1,2,2,0,3,3,1,3,3,1,1,1,3
"578","M",1,2,10,2,9,1,1,3.29277,1,1,3,5,5,5,2,-2,1,2,3,0.5,0.75,1,0,1,0,0,2,2,2,2,5,2,3,2,2,0,1,3,2,3,3,1,2,1,4
"579","M",1,2,10,2,9,1,9,0.35959,1,1,3,5,4,5,1,-1,-1,2,1,0.5,0.25,1,1,1,1,1,2,2,2,2,4,2,3,2,3,0,NA,3,1,3,3,1,3,3,NA
"580","M",1,9,1,1,9,9,9,0.99288,0,0,2,1,3,3,0,0,0,1,1,0.5,0.5,0.75,1,1,1,0,1,1,1,1,3,1,3,3,4,0,NA,NA,NA,1,1,3,3,3,NA
"581","M",1,1,4,1,2,2,2,2.14631,0,0,1,2,3,2,-1,-2,-1,1,-3,0.125,0.25,0.75,0,1,1,0,1,1,1,1,3,1,2,1,1,1,2,1,1,2,1,3,1,2,NA
"582","M",1,2,12,1,1,1,1,0.442,1,1,3,4,4,5,1,-1,-1,2,1,0.5,0.25,1,1,1,1,1,1,1,1,1,5,1,1,2,3,0,1,1,3,2,2,1,2,1,4
"583","M",1,2,10,2,1,1,2,0.99288,1,1,3,5,4,5,1,1,2,2,6,0.75,1,1,1,1,1,0,2,2,2,2,1,2,1,2,3,0,2,2,2,3,3,1,2,1,4
"584","F",2,2,10,2,9,1,3,0.78763,1,1,3,5,4,5,0,0,0,2,2,0.5,0.5,1,1,0,1,0,2,2,2,2,5,2,3,2,3,0,3,2,2,3,3,1,1,1,3
"585","F",2,2,10,2,9,1,2,1.72656,1,1,3,5,3,4,1,1,1,1,4,0.75,0.75,0.75,0,0,1,0,2,2,2,2,4,2,3,2,3,0,2,2,2,3,3,1,1,1,3
"586","F",1,2,10,2,9,1,1,0.86392,1,1,3,5,5,5,-2,-2,2,2,0,0,1,1,1,1,1,0,2,2,2,2,5,2,3,2,2,0,1,1,2,3,3,1,2,1,4
"587","F",2,1,4,1,1,2,3,0.74085,0,0,1,2,3,2,-2,-1,1,2,0,0.125,0.75,1,1,0,0,1,1,1,1,1,3,1,1,1,1,1,3,1,1,2,2,2,1,2,1
"588","M",1,2,10,2,9,1,3,1.64844,1,1,3,5,4,5,0,1,1,2,4,0.625,0.75,1,0,1,0,0,2,2,2,2,4,2,3,2,2,0,3,2,3,2,3,1,2,3,4
"589","M",1,2,12,2,9,1,1,0.94188,1,1,2,4,4,3,1,1,0,0,2,0.75,0.5,0.5,1,1,1,0,2,2,2,2,5,2,3,2,3,0,1,2,1,3,3,1,1,1,3
"590","M",3,2,10,2,2,1,2,1.71949,1,1,1,5,1,1,-1,-1,2,2,2,0.25,1,1,0,0,0,1,2,2,2,2,5,2,2,2,3,0,2,3,1,3,3,1,1,3,3
"591","F",2,2,12,2,9,1,1,0.78763,1,1,3,4,4,5,0,2,1,2,5,0.75,0.75,1,1,0,1,0,2,2,2,2,5,2,3,2,3,0,1,3,2,3,3,1,2,1,4
"592","F",2,2,10,2,9,1,1,0.28926,1,1,3,5,5,5,1,1,2,2,6,0.75,1,1,1,0,1,1,2,2,2,2,5,2,3,2,3,0,1,2,2,3,3,1,2,1,4
"593","M",2,1,8,1,1,9,1,0.78523,0,0,3,3,4,5,-1,-2,0,2,-1,0.125,0.5,1,1,0,1,0,1,1,1,1,5,1,1,3,1,1,1,1,1,2,3,1,2,1,4
"594","F",2,1,9,1,1,2,2,0.90521,0,0,1,3,3,2,-1,0,0,2,1,0.375,0.5,1,1,0,1,0,1,1,1,1,3,1,1,1,1,1,2,1,1,2,1,2,1,2,1
"595","F",2,1,5,1,9,2,2,0.6478,0,0,1,2,2,1,-1,2,-2,2,1,0.625,0,1,1,0,1,0,1,1,1,1,3,1,3,1,1,1,2,1,2,2,1,2,1,2,1
"596","F",1,2,12,2,9,1,3,0.99288,1,1,3,4,4,5,0,0,1,2,3,0.5,0.75,1,1,1,1,0,2,2,2,2,4,2,3,2,2,0,3,1,1,3,3,2,1,1,2
"597","M",1,2,12,2,1,1,2,1.11694,1,1,3,4,5,5,1,-1,2,2,4,0.5,1,1,0,1,1,1,2,2,2,2,4,2,1,2,2,0,2,2,1,3,3,1,2,3,4
"598","F",2,2,12,2,9,1,1,0.78763,1,1,3,4,3,4,-1,0,1,2,2,0.375,0.75,1,1,0,1,0,2,2,2,2,5,2,3,2,3,0,1,2,1,3,3,3,1,1,NA
"599","M",1,2,10,2,9,1,1,0.61763,1,1,3,5,4,5,1,-1,1,1,2,0.5,0.75,0.75,1,1,1,1,2,2,2,2,5,2,3,2,3,0,1,3,1,3,3,1,1,1,3
"600","F",2,9,7,1,1,9,2,1.09724,0,0,3,3,3,4,0,0,0,1,1,0.5,0.5,0.75,1,0,1,0,1,1,1,1,5,1,1,3,4,0,2,2,2,2,2,1,3,2,NA
"601","M",2,2,12,2,2,1,2,1.09724,1,1,3,4,5,5,2,1,2,2,7,0.875,1,1,1,0,1,0,2,2,2,2,4,2,2,2,3,0,2,2,1,3,3,1,2,1,4
"602","F",2,2,12,2,9,1,2,0.78763,1,1,3,4,4,5,1,1,1,2,5,0.75,0.75,1,1,0,1,0,2,2,2,2,5,2,3,2,3,0,2,2,3,3,3,2,3,1,2
"603","F",2,2,12,2,9,1,3,1.09724,1,1,3,4,5,5,1,-1,0,2,2,0.5,0.5,1,1,0,1,0,2,2,2,2,4,2,3,2,2,0,3,2,1,2,3,2,1,1,2
"604","M",1,1,9,1,1,2,2,0.50953,0,0,1,3,3,2,1,0,-2,2,1,0.625,0,1,1,1,1,1,1,1,1,1,3,1,1,1,1,1,2,1,3,2,1,2,1,2,1
"605","M",1,1,1,1,1,9,2,1.78131,0,0,2,1,3,3,0,1,1,1,3,0.625,0.75,0.75,0,1,0,1,1,1,1,1,5,1,1,3,1,1,2,1,1,2,1,2,1,2,1
"606","F",1,2,12,2,9,1,2,0.36464,1,1,3,4,5,5,-2,0,1,2,1,0.25,0.75,1,1,1,1,1,2,2,2,2,4,2,3,2,3,0,2,2,NA,2,3,1,1,1,3
"607","F",1,2,10,2,9,1,1,3.02023,1,1,3,5,4,5,-1,2,2,2,5,0.625,1,1,0,1,0,0,2,2,2,2,5,2,3,2,2,0,1,2,3,3,3,1,1,1,3
"608","M",1,1,9,1,1,2,2,0.50953,0,0,2,3,3,3,1,-2,-2,2,-1,0.375,0,1,1,1,1,1,1,1,1,1,3,1,1,1,1,1,2,1,1,2,1,2,1,2,1
"609","M",1,2,12,2,9,1,2,0.70706,1,1,3,4,4,5,0,-1,1,2,2,0.375,0.75,1,1,1,0,1,2,2,2,2,4,2,3,2,3,0,2,1,3,3,3,1,2,3,4
"610","M",1,1,1,9,9,9,2,1.78131,0,0,3,1,3,4,-1,1,-1,1,0,0.5,0.25,0.75,0,1,0,1,5,5,5,5,5,3,3,3,2,0,2,1,2,3,1,2,1,2,1
"611","F",2,1,4,9,2,2,1,0.4042,0,0,1,2,3,2,-1,-1,-2,2,-2,0.25,0,1,1,0,1,1,3,3,5,3,5,3,2,1,1,0,1,1,1,1,1,2,1,2,1
"612","M",2,1,2,1,1,2,1,1.01831,0,0,1,1,3,2,-2,1,1,0,0,0.375,0.75,0.5,0,0,1,1,1,1,1,1,5,1,1,1,1,1,1,NA,3,2,2,2,1,3,NA
"613","F",2,1,2,1,2,2,2,1.37026,0,0,1,1,3,2,-1,0,-1,1,-1,0.375,0.25,0.75,1,0,0,0,3,3,1,3,1,1,2,1,1,0,2,1,2,2,1,2,1,1,2
"614","F",2,1,9,1,1,2,1,1.23434,0,0,1,3,2,1,-1,-1,-2,1,-3,0.25,0,0.75,0,0,1,1,1,1,1,1,3,1,1,1,1,1,1,1,2,2,2,1,2,2,4
"615","F",2,1,9,1,1,2,1,0.80748,0,0,2,3,3,3,-1,0,0,1,0,0.375,0.5,0.75,1,0,1,0,1,1,1,1,5,1,1,1,1,1,1,1,1,2,1,2,1,2,1
"616","M",1,2,12,2,2,1,1,0.94188,1,1,3,4,4,5,2,1,1,2,6,0.875,0.75,1,1,1,1,0,2,2,2,2,4,2,2,2,2,0,1,1,2,3,3,1,2,1,4
"617","M",5,2,10,2,9,1,3,0.43279,1,1,3,5,4,5,2,1,1,1,5,0.875,0.75,0.75,0,0,1,1,2,2,2,2,5,2,3,2,2,0,3,3,NA,3,3,1,1,1,3
"618","F",1,1,2,1,2,2,3,0.34591,0,0,1,1,2,1,0,-1,0,1,0,0.375,0.5,0.75,1,1,1,1,1,1,1,1,3,1,2,1,1,1,3,1,1,2,1,2,1,2,1
"619","M",1,2,12,2,9,1,1,2.54575,1,0,1,4,3,2,0,0,1,1,2,0.5,0.75,0.75,1,1,0,0,2,2,2,2,5,2,3,2,3,0,1,3,1,3,3,1,2,1,4
"620","F",2,2,10,2,1,1,1,2.40525,1,1,3,5,5,5,-1,-1,-1,2,-1,0.25,0.25,1,0,0,1,0,2,2,2,2,1,2,1,2,3,0,1,2,1,3,1,1,1,2,3
"621","M",1,2,12,2,9,9,1,0.97196,1,1,3,4,4,5,1,1,1,2,5,0.75,0.75,1,0,1,1,0,2,2,2,2,4,2,3,3,2,0,1,3,1,3,3,2,1,1,2
"622","M",1,1,1,1,1,2,3,5.4221,0,0,1,1,2,1,2,1,-2,0,1,0.875,0,0.5,0,1,1,0,1,1,1,1,3,1,1,1,1,1,3,1,1,2,1,2,1,2,1
"623","M",2,1,9,1,1,2,3,1.01831,0,0,1,3,3,2,0,0,-1,2,1,0.5,0.25,1,0,0,1,1,1,1,1,1,3,1,1,1,1,1,3,1,1,3,1,2,1,2,1
"624","M",1,2,10,2,1,1,2,0.71054,1,1,3,5,5,5,2,-2,2,2,4,0.5,1,1,1,1,1,0,2,2,2,2,1,2,1,2,3,0,2,1,2,3,3,1,2,1,4
"625","F",1,2,10,1,1,9,9,5.58051,1,0,3,5,4,5,0,0,0,0,0,0.5,0.5,0.5,0,1,0,0,1,1,1,1,5,1,1,3,1,1,NA,NA,NA,2,2,3,3,3,NA
"626","M",1,2,10,2,1,1,1,1.34072,1,1,3,5,5,5,-1,-1,-1,2,-1,0.25,0.25,1,1,1,0,0,2,2,2,2,5,2,1,2,3,0,1,2,1,3,3,1,2,1,4
"627","M",1,2,10,2,9,1,1,0.86128,1,1,3,5,4,5,0,-2,2,2,2,0.25,1,1,1,1,1,0,2,2,2,2,5,2,3,2,3,0,1,1,2,2,2,1,2,1,4
"628","M",2,2,12,2,9,1,2,0.4042,1,1,2,4,3,3,-1,0,2,2,3,0.375,1,1,1,0,1,1,2,2,2,2,4,2,3,2,3,0,2,3,1,3,3,1,2,1,4
"629","F",2,2,1,2,2,1,2,1.9845,1,0,3,1,3,4,-1,0,1,1,1,0.375,0.75,0.75,0,0,1,0,4,2,2,4,2,2,2,2,3,0,2,2,2,3,3,3,1,1,NA
"630","M",2,1,9,1,1,2,2,0.29655,0,0,1,3,3,2,0,-1,1,1,1,0.375,0.75,0.75,1,0,1,1,1,1,1,1,3,1,1,1,1,1,2,1,2,2,1,2,1,2,1
"631","F",2,1,2,1,2,2,2,0.46454,0,0,1,1,1,1,2,0,-2,1,1,0.75,0,0.75,1,0,1,1,3,3,1,3,1,1,2,1,1,0,2,3,1,2,1,2,3,2,1
"632","F",2,1,4,1,1,2,3,0.966,0,0,1,2,1,1,1,2,-2,1,2,0.875,0,0.75,0,0,1,1,1,1,1,1,3,1,1,1,1,1,3,1,1,2,1,2,1,2,1
"633","M",1,2,12,2,1,1,2,4.00586,1,1,3,4,4,5,0,-1,2,1,2,0.375,1,0.75,0,1,0,0,2,2,2,2,4,2,1,2,3,0,2,2,1,2,2,2,2,2,1
"634","F",2,2,12,2,2,1,2,0.85871,1,1,3,4,4,5,2,1,1,1,5,0.875,0.75,0.75,1,0,1,0,2,2,2,2,4,2,2,2,3,0,2,2,1,3,3,1,2,1,4
"635","F",2,1,9,1,2,2,2,0.33244,0,0,1,3,3,2,-1,-1,-2,1,-3,0.25,0,0.75,1,0,1,1,3,3,1,3,1,1,2,1,1,0,2,1,1,2,1,2,1,2,1
"636","M",2,1,5,1,1,2,1,0.56309,0,0,1,2,2,1,-1,0,0,1,0,0.375,0.5,0.75,1,0,1,1,1,1,1,1,3,1,1,1,1,1,1,1,1,2,2,2,2,1,2
"637","F",2,2,10,2,2,1,2,0.57786,1,1,3,5,5,5,2,2,2,2,8,1,1,1,1,0,1,0,2,2,2,2,4,2,2,2,3,0,2,1,1,2,3,1,1,1,3
"638","F",2,2,10,2,1,1,1,0.4581,1,1,3,5,5,5,-2,-1,1,2,0,0.125,0.75,1,1,0,1,1,2,2,2,2,5,2,1,2,3,0,1,1,1,2,3,1,2,1,4
"639","F",2,1,9,1,1,9,1,0.85499,0,0,2,3,3,3,-2,-2,-2,1,-5,0,0,0.75,1,0,0,1,1,1,1,1,5,1,1,3,1,1,1,1,1,2,1,2,1,2,1
"640","M",1,2,12,2,1,1,2,1.89379,1,1,3,4,5,5,-1,-2,2,2,1,0.125,1,1,0,1,1,0,2,2,2,2,4,2,1,2,2,0,2,2,3,3,2,2,2,2,1
"641","F",2,1,1,1,2,2,2,1.01831,0,0,1,1,1,1,-2,-2,-2,2,-4,0,0,1,0,0,1,1,3,3,1,3,1,1,2,1,1,0,2,1,1,2,1,2,1,2,1
"642","M",1,2,12,2,9,1,1,1.89379,1,1,3,4,5,5,0,-1,2,1,2,0.375,1,0.75,0,1,1,0,2,2,2,2,5,2,3,2,2,0,1,NA,NA,3,3,1,3,1,NA
"643","F",1,2,12,2,1,1,1,0.88569,1,1,3,4,5,5,-1,-1,0,2,0,0.25,0.5,1,1,1,1,0,2,2,2,2,1,2,1,2,3,0,1,1,1,3,3,3,3,1,NA
"644","M",1,2,10,2,9,1,1,0.986,1,1,3,5,4,5,-1,-2,2,2,1,0.125,1,1,1,1,0,0,2,2,2,2,5,2,3,2,3,0,1,3,3,3,3,1,2,3,4
"645","M",1,9,9,1,1,2,2,0.50953,0,0,2,3,3,3,0,1,1,2,4,0.625,0.75,1,1,1,1,1,1,1,1,1,4,1,1,1,1,1,2,3,1,2,1,2,1,2,1
"646","M",1,1,1,1,2,2,2,1.11694,0,0,1,1,2,1,1,1,-1,2,3,0.75,0.25,1,0,1,1,1,3,3,5,3,5,1,2,1,1,0,2,1,2,2,1,2,1,2,1
"647","M",1,1,9,1,1,2,2,2.74398,0,0,2,3,3,3,-2,-1,1,-2,-4,0.125,0.75,0,0,1,1,1,1,1,1,1,3,1,1,1,1,1,2,1,1,2,1,2,1,2,1
"648","F",2,2,12,2,1,1,1,0.44068,1,1,3,4,4,5,-1,-1,1,2,1,0.25,0.75,1,1,0,1,1,2,2,2,2,4,2,1,2,3,0,1,3,3,3,3,1,2,1,4
"649","F",1,2,12,2,9,1,1,0.86392,1,1,3,4,3,4,1,0,-1,2,2,0.625,0.25,1,1,1,1,0,2,2,2,2,5,2,3,2,2,0,1,1,2,3,3,1,2,1,4
"650","M",1,2,12,2,9,1,1,2.36262,1,1,3,4,5,5,2,2,2,2,8,1,1,1,0,1,0,1,2,2,2,2,5,2,3,2,3,0,1,2,1,3,3,1,1,1,3
"651","M",1,1,1,1,2,2,3,0.36464,0,0,1,1,1,1,-1,-2,-2,1,-4,0.125,0,0.75,1,1,1,1,3,3,1,3,1,1,2,1,1,0,3,1,1,2,1,2,1,2,1
"652","M",1,2,11,2,1,1,2,3.29277,1,1,3,4,5,5,1,0,2,2,5,0.625,1,1,0,1,0,0,2,2,2,2,4,2,1,2,4,0,2,3,1,3,3,1,2,1,4
"653","M",2,1,4,1,1,2,3,0.93215,0,0,2,2,3,3,1,2,0,-2,1,0.875,0.5,0,1,0,0,1,1,1,1,1,4,1,1,1,1,1,3,1,1,2,2,2,1,1,2
"654","F",1,2,6,2,2,1,1,0.81261,1,1,2,2,4,3,-1,-1,-1,2,-1,0.25,0.25,1,1,1,0,1,2,2,2,2,5,2,2,2,3,0,1,1,1,3,3,1,2,1,4
"655","M",1,1,1,1,2,2,1,0.81261,0,0,3,1,4,5,0,0,-1,2,1,0.5,0.25,1,1,1,0,1,1,1,1,1,5,1,2,1,1,1,1,1,1,2,3,2,1,3,NA
"656","F",1,2,12,2,9,1,2,0.50953,1,1,3,4,5,5,-1,-2,1,1,-1,0.125,0.75,0.75,1,1,1,1,2,2,2,2,4,2,3,2,2,0,2,1,3,3,3,1,2,1,4
"657","F",2,1,5,1,1,9,2,0.6478,0,0,1,2,2,1,2,2,-1,1,4,1,0.25,0.75,1,0,1,0,1,1,1,1,5,1,1,3,3,0,2,1,3,3,2,2,1,1,2
"658","M",1,2,10,2,9,1,2,1.64844,1,1,2,5,4,3,2,1,2,2,7,0.875,1,1,0,1,0,0,2,2,2,2,4,2,3,2,3,0,2,1,1,3,3,2,1,1,2
"659","F",2,1,9,1,1,9,2,0.56309,0,0,2,3,3,3,2,1,0,1,4,0.875,0.5,0.75,1,0,1,1,1,1,1,1,5,1,1,3,1,1,2,1,1,2,2,2,1,3,NA
"660","F",2,1,4,1,1,2,2,4.6894,0,0,1,2,2,1,-1,-1,-2,-1,-5,0.25,0,0.25,0,0,1,0,1,1,1,1,3,1,1,1,1,1,2,1,1,2,1,2,1,2,1
"661","F",2,9,9,1,1,2,1,0.85871,0,0,3,3,4,5,1,-2,-1,2,0,0.375,0.25,1,1,0,1,0,1,1,1,1,3,1,1,1,1,1,1,1,1,2,1,2,1,2,1
"662","F",1,2,12,2,2,1,3,1.3539,1,1,3,4,5,5,1,-2,1,1,1,0.375,0.75,0.75,0,1,1,1,2,2,2,2,5,2,2,2,2,0,3,2,2,3,3,2,2,1,2
"663","F",2,2,10,1,1,9,2,0.40297,1,1,3,5,4,5,0,-1,1,2,2,0.375,0.75,1,1,0,1,1,1,1,1,1,5,1,1,3,3,0,2,1,2,2,1,3,1,2,NA
"664","M",1,9,9,1,1,9,1,0.45452,0,0,2,3,3,3,-1,-1,-2,2,-2,0.25,0,1,1,1,1,1,1,1,1,1,5,1,1,3,1,1,1,1,1,2,1,2,1,2,1
"665","M",1,1,2,1,2,2,2,1.11694,0,0,1,1,1,1,1,2,-2,-1,0,0.875,0,0.25,0,1,1,1,3,3,1,3,1,1,2,1,1,0,2,1,1,3,1,2,1,2,1
"666","F",1,2,10,2,1,1,3,0.88569,1,1,3,5,5,5,-1,-1,-1,1,-2,0.25,0.25,0.75,1,1,1,0,2,2,2,2,4,2,1,2,3,0,3,2,1,2,2,2,1,2,1
"667","F",2,2,10,2,2,1,3,0.87654,1,1,3,5,3,4,1,1,0,2,4,0.75,0.5,1,1,0,0,1,2,2,2,2,5,2,2,2,3,0,3,2,1,3,3,1,1,1,3
"668","M",1,2,9,9,1,1,2,4.83673,1,0,3,3,4,5,0,-1,0,0,-1,0.375,0.5,0.5,0,1,1,0,5,5,5,5,5,3,1,2,2,0,2,1,2,2,2,1,1,2,3
"669","F",1,2,12,2,1,1,2,0.61763,1,1,3,4,4,5,0,-1,1,2,2,0.375,0.75,1,1,1,1,1,2,2,2,2,4,2,1,2,2,0,2,1,2,3,3,1,2,2,4
"670","F",2,1,9,1,1,1,2,0.78763,0,0,3,3,3,4,-2,-2,-2,2,-4,0,0,1,1,0,1,0,1,1,1,1,2,1,1,2,2,0,2,1,1,2,3,1,2,1,4
"671","F",1,2,10,2,2,1,1,2.63821,1,1,3,5,4,5,2,2,1,2,7,1,0.75,1,0,1,1,0,2,2,2,2,5,2,2,2,3,0,1,3,3,3,3,3,3,3,NA
"672","F",1,1,3,1,1,2,3,0.35959,0,0,2,2,3,3,1,0,-2,1,0,0.625,0,0.75,1,1,1,1,1,1,1,1,3,1,1,1,1,1,3,1,1,2,1,2,1,2,1
"673","F",2,1,1,1,2,2,2,1.01831,0,0,1,1,1,1,-2,0,-2,-1,-5,0.25,0,0.25,0,0,1,1,3,3,1,3,1,1,2,1,1,0,2,1,2,2,1,2,1,2,1
"674","M",1,1,7,1,1,9,2,1.57638,0,0,2,3,3,3,-2,-2,-2,0,-6,0,0,0.5,0,1,0,1,1,1,1,1,5,1,1,3,1,1,2,1,1,2,1,2,1,2,1
"675","F",1,2,12,2,9,1,1,1.00589,1,1,2,4,3,3,2,1,0,2,5,0.875,0.5,1,1,1,0,0,2,2,2,2,5,2,3,2,3,0,1,3,1,3,3,1,2,3,4
"676","M",2,1,2,1,1,2,3,0.4042,0,0,1,1,2,1,2,0,0,2,4,0.75,0.5,1,1,0,1,1,1,1,1,1,3,1,1,1,1,1,3,2,2,2,2,2,1,3,NA
"677","F",2,2,12,2,9,1,1,1.95678,1,1,3,4,3,4,-2,-2,1,2,-1,0,0.75,1,0,0,1,0,2,2,2,2,4,2,3,2,3,0,1,3,2,3,3,1,2,3,4
"678","M",1,9,9,1,1,2,1,0.50247,0,0,3,3,3,4,1,0,1,1,3,0.625,0.75,0.75,1,1,1,1,1,1,1,1,5,1,1,1,1,1,1,1,1,2,1,2,1,2,1
"679","F",2,1,1,1,2,2,2,4.30126,0,0,1,1,1,1,0,-1,-1,1,-1,0.375,0.25,0.75,0,0,1,0,3,3,1,3,1,1,2,1,1,0,2,1,1,3,1,2,1,2,1
"680","F",2,1,2,1,1,2,1,3.98169,0,0,1,1,3,2,0,1,1,0,2,0.625,0.75,0.5,0,0,0,0,1,1,1,1,5,1,1,1,1,1,1,3,1,2,1,2,1,2,1
"681","F",1,2,12,2,1,1,2,2.06468,1,1,2,4,3,3,2,2,0,1,5,1,0.5,0.75,0,1,1,0,2,2,2,2,4,2,1,2,2,0,2,1,1,3,3,2,1,1,2
"682","M",1,2,12,2,2,1,3,0.99288,1,1,3,4,4,5,2,1,1,1,5,0.875,0.75,0.75,1,1,1,0,2,2,2,2,4,2,2,2,2,0,3,3,3,3,3,1,2,1,4
"683","M",2,2,12,2,1,1,2,1.88236,1,1,2,4,4,3,1,1,2,2,6,0.75,1,1,0,0,1,0,2,2,2,2,4,2,1,2,3,0,2,2,1,3,3,2,1,1,2
"684","M",2,2,10,2,9,1,2,4.40964,1,1,3,5,4,5,-1,1,0,2,2,0.5,0.5,1,0,0,1,0,2,2,2,2,4,2,3,2,3,0,2,3,2,3,3,2,1,1,2
"685","M",2,2,10,2,9,1,2,0.99338,1,1,2,5,4,3,2,2,1,2,7,1,0.75,1,0,0,1,0,2,2,2,2,4,2,3,2,3,0,2,3,1,3,3,1,1,1,3
"686","F",1,1,5,1,2,2,2,0.442,0,0,1,2,2,1,0,-1,-2,2,-1,0.375,0,1,1,1,1,1,3,3,1,3,1,1,2,1,1,0,2,1,1,2,1,2,1,2,1
"687","F",1,1,5,1,1,2,1,1.4125,0,0,1,2,3,2,2,0,0,2,4,0.75,0.5,1,1,1,0,0,1,1,1,1,5,1,1,1,1,1,1,1,1,2,1,2,1,2,1
"688","F",2,2,12,2,2,1,1,0.89266,1,1,3,4,4,5,2,2,1,2,7,1,0.75,1,1,0,1,0,2,2,2,2,5,2,2,2,3,0,1,3,3,3,3,1,1,1,3
"689","M",2,2,10,2,1,1,3,0.46454,1,1,3,5,4,5,-1,2,0,2,3,0.625,0.5,1,1,0,1,1,2,2,2,2,1,2,1,2,3,0,3,1,1,3,3,1,2,1,4
"690","F",2,9,2,1,1,9,1,1.81639,0,0,1,1,3,2,-1,-2,-1,1,-3,0.125,0.25,0.75,1,0,0,0,1,1,1,1,3,1,1,3,1,1,1,1,1,2,2,2,3,2,1
"691","M",2,1,5,1,1,9,1,0.78763,0,0,1,2,3,2,-2,-2,-2,2,-4,0,0,1,1,0,1,0,1,1,1,1,5,1,1,3,1,1,1,1,1,2,3,1,1,1,3
"692","F",1,1,9,1,1,2,2,1.10146,0,0,3,3,4,5,-2,1,-2,2,-1,0.375,0,1,0,1,1,1,1,1,1,1,5,1,1,1,1,1,2,1,1,2,1,2,1,2,1
"693","M",1,2,10,2,2,1,2,0.36464,1,1,3,5,4,5,0,-1,2,2,3,0.375,1,1,1,1,1,1,4,2,2,4,2,2,2,2,4,0,2,1,1,3,3,1,2,1,4
"694","F",1,9,8,9,9,9,2,1.50212,0,0,2,3,3,3,-1,1,0,0,0,0.5,0.5,0.5,1,1,0,0,1,1,1,1,5,3,3,3,1,1,2,1,2,2,2,2,1,2,1
"695","M",2,2,7,2,1,1,2,0.46454,1,0,3,3,3,4,0,-2,1,1,0,0.25,0.75,0.75,1,0,1,1,2,2,2,2,4,2,1,2,2,0,2,1,2,3,3,1,1,1,3
"696","F",2,1,1,1,1,2,2,1.00419,0,0,1,1,1,1,0,0,-2,-1,-3,0.5,0,0.25,0,0,1,1,3,3,1,3,1,1,1,1,1,0,2,1,1,2,1,2,1,2,1
"697","M",1,1,5,1,1,2,3,0.86128,0,0,1,2,4,2,0,-1,0,0,-1,0.375,0.5,0.5,1,1,1,0,1,1,1,1,3,1,1,1,1,1,3,1,1,3,1,2,1,1,2
"698","F",1,2,12,2,1,1,1,4.83673,1,1,3,4,5,5,2,2,1,1,6,1,0.75,0.75,0,1,1,0,2,2,2,2,4,2,1,2,2,0,1,3,2,3,3,2,1,3,NA
"699","M",2,1,8,1,2,2,3,0.54088,0,0,1,3,3,2,0,0,-1,-1,-2,0.5,0.25,0.25,1,0,0,1,1,1,1,1,3,1,2,1,1,1,3,1,3,2,1,2,1,2,1
"700","F",4,2,9,1,1,9,1,5.38687,1,0,3,3,3,4,0,-1,0,2,1,0.375,0.5,1,0,0,0,0,1,1,1,1,5,1,1,3,1,1,1,1,2,2,1,2,2,1,2
